"Year","DayOfYear","variable","value","Percentile_90","Temp_Higher","streak","Heatwave","daily_max_temp","station"
2022,"04-01","Max_Temp_Year",11.6,16.97,"Not Higher",87,"Not Higher",NA,"Kelowna"
2022,"04-02","Max_Temp_Year",13.5,17.2,"Not Higher",87,"Not Higher",NA,"Kelowna"
2022,"04-03","Max_Temp_Year",15.5,17.5,"Not Higher",87,"Not Higher",NA,"Kelowna"
2022,"04-04","Max_Temp_Year",12.5,17.8,"Not Higher",87,"Not Higher",NA,"Kelowna"
2022,"04-05","Max_Temp_Year",12.8,17.8,"Not Higher",87,"Not Higher",NA,"Kelowna"
2022,"04-06","Max_Temp_Year",12.8,18.2,"Not Higher",87,"Not Higher",NA,"Kelowna"
2022,"04-07","Max_Temp_Year",17.7,18.3,"Not Higher",87,"Not Higher",NA,"Kelowna"
2022,"04-08","Max_Temp_Year",16.2,18.3,"Not Higher",87,"Not Higher",NA,"Kelowna"
2022,"04-09","Max_Temp_Year",6.4,18.9,"Not Higher",87,"Not Higher",NA,"Kelowna"
2022,"04-10","Max_Temp_Year",9.3,18.9,"Not Higher",87,"Not Higher",NA,"Kelowna"
2022,"04-11","Max_Temp_Year",10.6,19.4,"Not Higher",87,"Not Higher",NA,"Kelowna"
2022,"04-12","Max_Temp_Year",8.7,19.4,"Not Higher",87,"Not Higher",NA,"Kelowna"
2022,"04-13","Max_Temp_Year",9.2,19.4,"Not Higher",87,"Not Higher",NA,"Kelowna"
2022,"04-14","Max_Temp_Year",10,20,"Not Higher",87,"Not Higher",NA,"Kelowna"
2022,"04-15","Max_Temp_Year",8.6,20,"Not Higher",87,"Not Higher",NA,"Kelowna"
2022,"04-16","Max_Temp_Year",11.3,20.2,"Not Higher",87,"Not Higher",NA,"Kelowna"
2022,"04-17","Max_Temp_Year",13.9,20.5,"Not Higher",87,"Not Higher",NA,"Kelowna"
2022,"04-18","Max_Temp_Year",10.3,20.6,"Not Higher",87,"Not Higher",NA,"Kelowna"
2022,"04-19","Max_Temp_Year",14.2,20.7,"Not Higher",87,"Not Higher",NA,"Kelowna"
2022,"04-20","Max_Temp_Year",13.7,21.1,"Not Higher",87,"Not Higher",NA,"Kelowna"
2022,"04-21","Max_Temp_Year",11,21.1,"Not Higher",87,"Not Higher",NA,"Kelowna"
2022,"04-22","Max_Temp_Year",15.6,21.5,"Not Higher",87,"Not Higher",NA,"Kelowna"
2022,"04-23","Max_Temp_Year",18.7,21.7,"Not Higher",87,"Not Higher",NA,"Kelowna"
2022,"04-24","Max_Temp_Year",21.2,22.07,"Not Higher",87,"Not Higher",NA,"Kelowna"
2022,"04-25","Max_Temp_Year",17.8,22.2,"Not Higher",87,"Not Higher",NA,"Kelowna"
2022,"04-26","Max_Temp_Year",13.8,22.4,"Not Higher",87,"Not Higher",NA,"Kelowna"
2022,"04-27","Max_Temp_Year",14.3,22.8,"Not Higher",87,"Not Higher",NA,"Kelowna"
2022,"04-28","Max_Temp_Year",15.2,22.8,"Not Higher",87,"Not Higher",NA,"Kelowna"
2022,"04-29","Max_Temp_Year",17.5,23,"Not Higher",87,"Not Higher",NA,"Kelowna"
2022,"04-30","Max_Temp_Year",14.4,23.3,"Not Higher",87,"Not Higher",NA,"Kelowna"
2022,"05-01","Max_Temp_Year",20.6,23.9,"Not Higher",87,"Not Higher",NA,"Kelowna"
2022,"05-02","Max_Temp_Year",20.3,23.9,"Not Higher",87,"Not Higher",NA,"Kelowna"
2022,"05-03","Max_Temp_Year",21.7,23.9,"Not Higher",87,"Not Higher",NA,"Kelowna"
2022,"05-04","Max_Temp_Year",16.1,24.4,"Not Higher",87,"Not Higher",NA,"Kelowna"
2022,"05-05","Max_Temp_Year",11.9,24.4,"Not Higher",87,"Not Higher",NA,"Kelowna"
2022,"05-06","Max_Temp_Year",16.3,24.7,"Not Higher",87,"Not Higher",NA,"Kelowna"
2022,"05-07","Max_Temp_Year",14.2,25,"Not Higher",87,"Not Higher",NA,"Kelowna"
2022,"05-08","Max_Temp_Year",12.4,25.1,"Not Higher",87,"Not Higher",NA,"Kelowna"
2022,"05-09","Max_Temp_Year",15,25.5,"Not Higher",87,"Not Higher",NA,"Kelowna"
2022,"05-10","Max_Temp_Year",16.6,25.5,"Not Higher",87,"Not Higher",NA,"Kelowna"
2022,"05-11","Max_Temp_Year",19.3,25.6,"Not Higher",87,"Not Higher",NA,"Kelowna"
2022,"05-12","Max_Temp_Year",15.8,25.6,"Not Higher",87,"Not Higher",NA,"Kelowna"
2022,"05-13","Max_Temp_Year",14.3,25.6,"Not Higher",87,"Not Higher",NA,"Kelowna"
2022,"05-14","Max_Temp_Year",14.5,26.1,"Not Higher",87,"Not Higher",NA,"Kelowna"
2022,"05-15","Max_Temp_Year",13,26.1,"Not Higher",87,"Not Higher",NA,"Kelowna"
2022,"05-16","Max_Temp_Year",20.9,26.7,"Not Higher",87,"Not Higher",NA,"Kelowna"
2022,"05-17","Max_Temp_Year",16,26.7,"Not Higher",87,"Not Higher",NA,"Kelowna"
2022,"05-18","Max_Temp_Year",18.7,26.7,"Not Higher",87,"Not Higher",NA,"Kelowna"
2022,"05-19","Max_Temp_Year",15.1,26.7,"Not Higher",87,"Not Higher",NA,"Kelowna"
2022,"05-20","Max_Temp_Year",17,26.7,"Not Higher",87,"Not Higher",NA,"Kelowna"
2022,"05-21","Max_Temp_Year",16.7,27.2,"Not Higher",87,"Not Higher",NA,"Kelowna"
2022,"05-22","Max_Temp_Year",22.1,27.2,"Not Higher",87,"Not Higher",NA,"Kelowna"
2022,"05-23","Max_Temp_Year",17.8,27.2,"Not Higher",87,"Not Higher",NA,"Kelowna"
2022,"05-24","Max_Temp_Year",20.8,27.5,"Not Higher",87,"Not Higher",NA,"Kelowna"
2022,"05-25","Max_Temp_Year",23,27.8,"Not Higher",87,"Not Higher",NA,"Kelowna"
2022,"05-26","Max_Temp_Year",21.9,27.8,"Not Higher",87,"Not Higher",NA,"Kelowna"
2022,"05-27","Max_Temp_Year",20.5,27.9,"Not Higher",87,"Not Higher",NA,"Kelowna"
2022,"05-28","Max_Temp_Year",20.5,28.2,"Not Higher",87,"Not Higher",NA,"Kelowna"
2022,"05-29","Max_Temp_Year",21.9,28.3,"Not Higher",87,"Not Higher",NA,"Kelowna"
2022,"05-30","Max_Temp_Year",19.3,28.3,"Not Higher",87,"Not Higher",NA,"Kelowna"
2022,"05-31","Max_Temp_Year",19.3,28.3,"Not Higher",87,"Not Higher",NA,"Kelowna"
2022,"06-01","Max_Temp_Year",24.1,28.7,"Not Higher",87,"Not Higher",NA,"Kelowna"
2022,"06-02","Max_Temp_Year",21.7,28.75,"Not Higher",87,"Not Higher",NA,"Kelowna"
2022,"06-03","Max_Temp_Year",18.6,28.9,"Not Higher",87,"Not Higher",NA,"Kelowna"
2022,"06-04","Max_Temp_Year",18,28.9,"Not Higher",87,"Not Higher",NA,"Kelowna"
2022,"06-05","Max_Temp_Year",19.6,28.9,"Not Higher",87,"Not Higher",NA,"Kelowna"
2022,"06-06","Max_Temp_Year",22.1,28.9,"Not Higher",87,"Not Higher",NA,"Kelowna"
2022,"06-07","Max_Temp_Year",25,29.2,"Not Higher",87,"Not Higher",NA,"Kelowna"
2022,"06-08","Max_Temp_Year",24.5,29.4,"Not Higher",87,"Not Higher",NA,"Kelowna"
2022,"06-09","Max_Temp_Year",17.6,29.4,"Not Higher",87,"Not Higher",NA,"Kelowna"
2022,"06-10","Max_Temp_Year",25.3,29.4,"Not Higher",87,"Not Higher",NA,"Kelowna"
2022,"06-11","Max_Temp_Year",24.4,29.4,"Not Higher",87,"Not Higher",NA,"Kelowna"
2022,"06-12","Max_Temp_Year",23.6,29.4,"Not Higher",87,"Not Higher",NA,"Kelowna"
2022,"06-13","Max_Temp_Year",16,29.4,"Not Higher",87,"Not Higher",NA,"Kelowna"
2022,"06-14","Max_Temp_Year",19.9,29.8,"Not Higher",87,"Not Higher",NA,"Kelowna"
2022,"06-15","Max_Temp_Year",23.5,29.8,"Not Higher",87,"Not Higher",NA,"Kelowna"
2022,"06-16","Max_Temp_Year",19.3,30,"Not Higher",87,"Not Higher",NA,"Kelowna"
2022,"06-17","Max_Temp_Year",16.9,30,"Not Higher",87,"Not Higher",NA,"Kelowna"
2022,"06-18","Max_Temp_Year",21.8,30,"Not Higher",87,"Not Higher",NA,"Kelowna"
2022,"06-19","Max_Temp_Year",16.3,30.2,"Not Higher",87,"Not Higher",NA,"Kelowna"
2022,"06-20","Max_Temp_Year",24.3,30.4,"Not Higher",87,"Not Higher",NA,"Kelowna"
2022,"06-21","Max_Temp_Year",24.1,30.6,"Not Higher",87,"Not Higher",NA,"Kelowna"
2022,"06-22","Max_Temp_Year",26.4,30.6,"Not Higher",87,"Not Higher",NA,"Kelowna"
2022,"06-23","Max_Temp_Year",19.9,30.77,"Not Higher",87,"Not Higher",NA,"Kelowna"
2022,"06-24","Max_Temp_Year",23.1,31.1,"Not Higher",87,"Not Higher",NA,"Kelowna"
2022,"06-25","Max_Temp_Year",27.2,31.1,"Not Higher",87,"Not Higher",NA,"Kelowna"
2022,"06-26","Max_Temp_Year",30,31.23,"Not Higher",87,"Not Higher",NA,"Kelowna"
2022,"06-27","Max_Temp_Year",32.3,31.7,"Not Higher",1,"Not Higher",NA,"Kelowna"
2022,"06-28","Max_Temp_Year",24.8,31.7,"Not Higher",13,"Not Higher",NA,"Kelowna"
2022,"06-29","Max_Temp_Year",18.1,31.7,"Not Higher",13,"Not Higher",NA,"Kelowna"
2022,"06-30","Max_Temp_Year",25.6,31.8,"Not Higher",13,"Not Higher",NA,"Kelowna"
2022,"07-01","Max_Temp_Year",29.2,32.14,"Not Higher",13,"Not Higher",NA,"Kelowna"
2022,"07-02","Max_Temp_Year",29.2,32.2,"Not Higher",13,"Not Higher",NA,"Kelowna"
2022,"07-03","Max_Temp_Year",19,32.2,"Not Higher",13,"Not Higher",NA,"Kelowna"
2022,"07-04","Max_Temp_Year",19.8,32.5,"Not Higher",13,"Not Higher",NA,"Kelowna"
2022,"07-05","Max_Temp_Year",24.6,32.8,"Not Higher",13,"Not Higher",NA,"Kelowna"
2022,"07-06","Max_Temp_Year",21,32.8,"Not Higher",13,"Not Higher",NA,"Kelowna"
2022,"07-07","Max_Temp_Year",24.6,32.8,"Not Higher",13,"Not Higher",NA,"Kelowna"
2022,"07-08","Max_Temp_Year",27.5,32.8,"Not Higher",13,"Not Higher",NA,"Kelowna"
2022,"07-09","Max_Temp_Year",26.7,33,"Not Higher",13,"Not Higher",NA,"Kelowna"
2022,"07-10","Max_Temp_Year",27.1,33.02,"Not Higher",13,"Not Higher",NA,"Kelowna"
2022,"07-11","Max_Temp_Year",NA,33.1,NA,1,NA,NA,"Kelowna"
2022,"07-12","Max_Temp_Year",35.5,33.21,"Not Higher",1,"Not Higher",NA,"Kelowna"
2022,"07-13","Max_Temp_Year",29.1,33.3,"Not Higher",1,"Not Higher",NA,"Kelowna"
2022,"07-14","Max_Temp_Year",NA,33.35,NA,1,NA,NA,"Kelowna"
2022,"07-15","Max_Temp_Year",NA,33.7,NA,1,NA,NA,"Kelowna"
2022,"07-16","Max_Temp_Year",31.2,33.9,"Not Higher",5,"Not Higher",NA,"Kelowna"
2022,"07-17","Max_Temp_Year",28.2,33.9,"Not Higher",5,"Not Higher",NA,"Kelowna"
2022,"07-18","Max_Temp_Year",29.2,33.9,"Not Higher",5,"Not Higher",NA,"Kelowna"
2022,"07-19","Max_Temp_Year",32.3,33.97,"Not Higher",5,"Not Higher",NA,"Kelowna"
2022,"07-20","Max_Temp_Year",33.7,34,"Not Higher",5,"Not Higher",NA,"Kelowna"
2022,"07-21","Max_Temp_Year",34.4,34.2,"Not Higher",1,"Not Higher",NA,"Kelowna"
2022,"07-22","Max_Temp_Year",32.7,34.2,"Not Higher",5,"Not Higher",NA,"Kelowna"
2022,"07-23","Max_Temp_Year",32.2,34.2,"Not Higher",5,"Not Higher",NA,"Kelowna"
2022,"07-24","Max_Temp_Year",33.7,34.3,"Not Higher",5,"Not Higher",NA,"Kelowna"
2022,"07-25","Max_Temp_Year",32.9,34.3,"Not Higher",5,"Not Higher",NA,"Kelowna"
2022,"07-26","Max_Temp_Year",33.5,34.3,"Not Higher",5,"Not Higher",NA,"Kelowna"
2022,"07-27","Max_Temp_Year",36.6,34.2,"Higher",6,"Heatwave",36.6,"Kelowna"
2022,"07-28","Max_Temp_Year",38.8,34.1,"Higher",6,"Heatwave",38.8,"Kelowna"
2022,"07-29","Max_Temp_Year",34.9,34.1,"Higher",6,"Heatwave",34.9,"Kelowna"
2022,"07-30","Max_Temp_Year",36.5,34,"Higher",6,"Heatwave",36.5,"Kelowna"
2022,"07-31","Max_Temp_Year",37.9,33.9,"Higher",6,"Heatwave",37.9,"Kelowna"
2022,"08-01","Max_Temp_Year",35.1,33.9,"Higher",6,"Heatwave",35.1,"Kelowna"
2022,"08-02","Max_Temp_Year",31.2,33.9,"Not Higher",5,"Not Higher",NA,"Kelowna"
2022,"08-03","Max_Temp_Year",32.3,33.9,"Not Higher",5,"Not Higher",NA,"Kelowna"
2022,"08-04","Max_Temp_Year",24.5,33.9,"Not Higher",5,"Not Higher",NA,"Kelowna"
2022,"08-05","Max_Temp_Year",24.2,33.7,"Not Higher",5,"Not Higher",NA,"Kelowna"
2022,"08-06","Max_Temp_Year",29,33.6,"Not Higher",5,"Not Higher",NA,"Kelowna"
2022,"08-07","Max_Temp_Year",34.1,33.5,"Not Higher",2,"Not Higher",NA,"Kelowna"
2022,"08-08","Max_Temp_Year",34.6,33.5,"Not Higher",2,"Not Higher",NA,"Kelowna"
2022,"08-09","Max_Temp_Year",32,33.5,"Not Higher",2,"Not Higher",NA,"Kelowna"
2022,"08-10","Max_Temp_Year",32,33.3,"Not Higher",2,"Not Higher",NA,"Kelowna"
2022,"08-11","Max_Temp_Year",35.3,33.3,"Not Higher",1,"Not Higher",NA,"Kelowna"
2022,"08-12","Max_Temp_Year",32.7,33.3,"Not Higher",3,"Not Higher",NA,"Kelowna"
2022,"08-13","Max_Temp_Year",28.3,33.3,"Not Higher",3,"Not Higher",NA,"Kelowna"
2022,"08-14","Max_Temp_Year",29.8,32.91,"Not Higher",3,"Not Higher",NA,"Kelowna"
2022,"08-15","Max_Temp_Year",33,32.8,"Higher",6,"Heatwave",33,"Kelowna"
2022,"08-16","Max_Temp_Year",34.3,32.6,"Higher",6,"Heatwave",34.3,"Kelowna"
2022,"08-17","Max_Temp_Year",34.8,32.2,"Higher",6,"Heatwave",34.8,"Kelowna"
2022,"08-18","Max_Temp_Year",33.2,32.1,"Higher",6,"Heatwave",33.2,"Kelowna"
2022,"08-19","Max_Temp_Year",33.7,31.7,"Higher",6,"Heatwave",33.7,"Kelowna"
2022,"08-20","Max_Temp_Year",32.1,31.7,"Higher",6,"Heatwave",32.1,"Kelowna"
2022,"08-21","Max_Temp_Year",31.1,31.5,"Not Higher",3,"Not Higher",NA,"Kelowna"
2022,"08-22","Max_Temp_Year",30.8,31.2,"Not Higher",3,"Not Higher",NA,"Kelowna"
2022,"08-23","Max_Temp_Year",29.9,31.1,"Not Higher",3,"Not Higher",NA,"Kelowna"
2022,"08-24","Max_Temp_Year",32.2,31.1,"Not Higher",3,"Not Higher",NA,"Kelowna"
2022,"08-25","Max_Temp_Year",32.7,30.7,"Not Higher",3,"Not Higher",NA,"Kelowna"
2022,"08-26","Max_Temp_Year",32.8,30.6,"Not Higher",3,"Not Higher",NA,"Kelowna"
2022,"08-27","Max_Temp_Year",22.7,30.6,"Not Higher",2,"Not Higher",NA,"Kelowna"
2022,"08-28","Max_Temp_Year",25.7,30.1,"Not Higher",2,"Not Higher",NA,"Kelowna"
2022,"08-29","Max_Temp_Year",31,30,"Higher",6,"Heatwave",31,"Kelowna"
2022,"08-30","Max_Temp_Year",34,29.9,"Higher",6,"Heatwave",34,"Kelowna"
2022,"08-31","Max_Temp_Year",32,29.5,"Higher",6,"Heatwave",32,"Kelowna"
2022,"09-01","Max_Temp_Year",34.2,29.4,"Higher",6,"Heatwave",34.2,"Kelowna"
2022,"09-02","Max_Temp_Year",33.5,29.4,"Higher",6,"Heatwave",33.5,"Kelowna"
2022,"09-03","Max_Temp_Year",32.7,29.4,"Higher",6,"Heatwave",32.7,"Kelowna"
2022,"09-04","Max_Temp_Year",27,29.04,"Not Higher",3,"Not Higher",NA,"Kelowna"
2022,"09-05","Max_Temp_Year",25.8,28.9,"Not Higher",3,"Not Higher",NA,"Kelowna"
2022,"09-06","Max_Temp_Year",27.8,28.6,"Not Higher",3,"Not Higher",NA,"Kelowna"
2022,"09-07","Max_Temp_Year",29.6,28.3,"Not Higher",1,"Not Higher",NA,"Kelowna"
2022,"09-08","Max_Temp_Year",23.4,28.3,"Not Higher",18,"Not Higher",NA,"Kelowna"
2022,"09-09","Max_Temp_Year",24.1,28.3,"Not Higher",18,"Not Higher",NA,"Kelowna"
2022,"09-10","Max_Temp_Year",26.4,28,"Not Higher",18,"Not Higher",NA,"Kelowna"
2022,"09-11","Max_Temp_Year",24.9,27.8,"Not Higher",18,"Not Higher",NA,"Kelowna"
2022,"09-12","Max_Temp_Year",18.4,27.7,"Not Higher",18,"Not Higher",NA,"Kelowna"
2022,"09-13","Max_Temp_Year",23.4,27.4,"Not Higher",18,"Not Higher",NA,"Kelowna"
2022,"09-14","Max_Temp_Year",21.5,27.2,"Not Higher",18,"Not Higher",NA,"Kelowna"
2022,"09-15","Max_Temp_Year",24.8,26.7,"Not Higher",18,"Not Higher",NA,"Kelowna"
2022,"09-16","Max_Temp_Year",21.4,26.7,"Not Higher",18,"Not Higher",NA,"Kelowna"
2022,"09-17","Max_Temp_Year",18.2,26.4,"Not Higher",18,"Not Higher",NA,"Kelowna"
2022,"09-18","Max_Temp_Year",18.6,26.1,"Not Higher",18,"Not Higher",NA,"Kelowna"
2022,"09-19","Max_Temp_Year",22.3,25.9,"Not Higher",18,"Not Higher",NA,"Kelowna"
2022,"09-20","Max_Temp_Year",21.2,25.6,"Not Higher",18,"Not Higher",NA,"Kelowna"
2022,"09-21","Max_Temp_Year",21.9,25.6,"Not Higher",18,"Not Higher",NA,"Kelowna"
2022,"09-22","Max_Temp_Year",22.7,25,"Not Higher",18,"Not Higher",NA,"Kelowna"
2022,"09-23","Max_Temp_Year",20.2,24.87,"Not Higher",18,"Not Higher",NA,"Kelowna"
2022,"09-24","Max_Temp_Year",23.2,24.4,"Not Higher",18,"Not Higher",NA,"Kelowna"
2022,"09-25","Max_Temp_Year",24.3,24.4,"Not Higher",18,"Not Higher",NA,"Kelowna"
2022,"09-26","Max_Temp_Year",24.8,23.9,"Not Higher",3,"Not Higher",NA,"Kelowna"
2022,"09-27","Max_Temp_Year",26.6,23.9,"Not Higher",3,"Not Higher",NA,"Kelowna"
2022,"09-28","Max_Temp_Year",25,23.8,"Not Higher",3,"Not Higher",NA,"Kelowna"
2022,"09-29","Max_Temp_Year",19.8,23.3,"Not Higher",1,"Not Higher",NA,"Kelowna"
2022,"09-30","Max_Temp_Year",23.7,23.2,"Higher",19,"Heatwave",23.7,"Kelowna"
2022,"10-01","Max_Temp_Year",24.7,22.8,"Higher",19,"Heatwave",24.7,"Kelowna"
2022,"10-02","Max_Temp_Year",25.2,22.4,"Higher",19,"Heatwave",25.2,"Kelowna"
2022,"10-03","Max_Temp_Year",25.3,22.2,"Higher",19,"Heatwave",25.3,"Kelowna"
2022,"10-04","Max_Temp_Year",24.3,21.7,"Higher",19,"Heatwave",24.3,"Kelowna"
2022,"10-05","Max_Temp_Year",24.6,21.5,"Higher",19,"Heatwave",24.6,"Kelowna"
2022,"10-06","Max_Temp_Year",23.3,21.1,"Higher",19,"Heatwave",23.3,"Kelowna"
2022,"10-07","Max_Temp_Year",20.9,20.7,"Higher",19,"Heatwave",20.9,"Kelowna"
2022,"10-08","Max_Temp_Year",22.2,20.2,"Higher",19,"Heatwave",22.2,"Kelowna"
2022,"10-09","Max_Temp_Year",22.4,20,"Higher",19,"Heatwave",22.4,"Kelowna"
2022,"10-10","Max_Temp_Year",24.9,19.4,"Higher",19,"Heatwave",24.9,"Kelowna"
2022,"10-11","Max_Temp_Year",20.9,19.26,"Higher",19,"Heatwave",20.9,"Kelowna"
2022,"10-12","Max_Temp_Year",21,18.9,"Higher",19,"Heatwave",21,"Kelowna"
2022,"10-13","Max_Temp_Year",19.1,18.9,"Higher",19,"Heatwave",19.1,"Kelowna"
2022,"10-14","Max_Temp_Year",19.5,18.3,"Higher",19,"Heatwave",19.5,"Kelowna"
2022,"10-15","Max_Temp_Year",19.3,18.06,"Higher",19,"Heatwave",19.3,"Kelowna"
2022,"10-16","Max_Temp_Year",20.4,17.6,"Higher",19,"Heatwave",20.4,"Kelowna"
2022,"10-17","Max_Temp_Year",18.1,17.2,"Higher",19,"Heatwave",18.1,"Kelowna"
2022,"10-18","Max_Temp_Year",18.3,17.2,"Higher",19,"Heatwave",18.3,"Kelowna"
2022,"10-19","Max_Temp_Year",NA,16.7,NA,1,NA,NA,"Kelowna"
2022,"10-20","Max_Temp_Year",14.7,16.7,"Not Higher",8,"Not Higher",NA,"Kelowna"
2022,"10-21","Max_Temp_Year",10.7,16.2,"Not Higher",8,"Not Higher",NA,"Kelowna"
2022,"10-22","Max_Temp_Year",10.7,16.1,"Not Higher",8,"Not Higher",NA,"Kelowna"
2022,"10-23","Max_Temp_Year",12,15.6,"Not Higher",8,"Not Higher",NA,"Kelowna"
2022,"10-24","Max_Temp_Year",12.4,15.6,"Not Higher",8,"Not Higher",NA,"Kelowna"
2022,"10-25","Max_Temp_Year",12.5,15.5,"Not Higher",8,"Not Higher",NA,"Kelowna"
2022,"10-26","Max_Temp_Year",11.5,15,"Not Higher",8,"Not Higher",NA,"Kelowna"
2022,"10-27","Max_Temp_Year",14.5,15,"Not Higher",8,"Not Higher",NA,"Kelowna"
2022,"10-28","Max_Temp_Year",14.8,14.7,"Not Higher",1,"Not Higher",NA,"Kelowna"
2022,"10-29","Max_Temp_Year",13.4,14.4,"Not Higher",2,"Not Higher",NA,"Kelowna"
2022,"10-30","Max_Temp_Year",13.2,14.1,"Not Higher",2,"Not Higher",NA,"Kelowna"
2022,"10-31","Max_Temp_Year",14.8,13.9,"Not Higher",1,"Not Higher",NA,"Kelowna"
2023,"04-01","Max_Temp_Year",11,16.97,"Not Higher",27,"Not Higher",NA,"Kelowna"
2023,"04-02","Max_Temp_Year",10.5,17.2,"Not Higher",27,"Not Higher",NA,"Kelowna"
2023,"04-03","Max_Temp_Year",10.4,17.5,"Not Higher",27,"Not Higher",NA,"Kelowna"
2023,"04-04","Max_Temp_Year",10.6,17.8,"Not Higher",27,"Not Higher",NA,"Kelowna"
2023,"04-05","Max_Temp_Year",13.2,17.8,"Not Higher",27,"Not Higher",NA,"Kelowna"
2023,"04-06","Max_Temp_Year",13,18.2,"Not Higher",27,"Not Higher",NA,"Kelowna"
2023,"04-07","Max_Temp_Year",12,18.3,"Not Higher",27,"Not Higher",NA,"Kelowna"
2023,"04-08","Max_Temp_Year",12.4,18.3,"Not Higher",27,"Not Higher",NA,"Kelowna"
2023,"04-09","Max_Temp_Year",15.3,18.9,"Not Higher",27,"Not Higher",NA,"Kelowna"
2023,"04-10","Max_Temp_Year",13.3,18.9,"Not Higher",27,"Not Higher",NA,"Kelowna"
2023,"04-11","Max_Temp_Year",12.2,19.4,"Not Higher",27,"Not Higher",NA,"Kelowna"
2023,"04-12","Max_Temp_Year",11,19.4,"Not Higher",27,"Not Higher",NA,"Kelowna"
2023,"04-13","Max_Temp_Year",13.1,19.4,"Not Higher",27,"Not Higher",NA,"Kelowna"
2023,"04-14","Max_Temp_Year",13.8,20,"Not Higher",27,"Not Higher",NA,"Kelowna"
2023,"04-15","Max_Temp_Year",15.2,20,"Not Higher",27,"Not Higher",NA,"Kelowna"
2023,"04-16","Max_Temp_Year",12.8,20.2,"Not Higher",27,"Not Higher",NA,"Kelowna"
2023,"04-17","Max_Temp_Year",13.4,20.5,"Not Higher",27,"Not Higher",NA,"Kelowna"
2023,"04-18","Max_Temp_Year",11.3,20.6,"Not Higher",27,"Not Higher",NA,"Kelowna"
2023,"04-19","Max_Temp_Year",13.5,20.7,"Not Higher",27,"Not Higher",NA,"Kelowna"
2023,"04-20","Max_Temp_Year",13.6,21.1,"Not Higher",27,"Not Higher",NA,"Kelowna"
2023,"04-21","Max_Temp_Year",12.1,21.1,"Not Higher",27,"Not Higher",NA,"Kelowna"
2023,"04-22","Max_Temp_Year",15,21.5,"Not Higher",27,"Not Higher",NA,"Kelowna"
2023,"04-23","Max_Temp_Year",13.2,21.7,"Not Higher",27,"Not Higher",NA,"Kelowna"
2023,"04-24","Max_Temp_Year",15,22.07,"Not Higher",27,"Not Higher",NA,"Kelowna"
2023,"04-25","Max_Temp_Year",18.7,22.2,"Not Higher",27,"Not Higher",NA,"Kelowna"
2023,"04-26","Max_Temp_Year",20.8,22.4,"Not Higher",27,"Not Higher",NA,"Kelowna"
2023,"04-27","Max_Temp_Year",19.7,22.8,"Not Higher",27,"Not Higher",NA,"Kelowna"
2023,"04-28","Max_Temp_Year",25.3,22.8,"Higher",7,"Heatwave",25.3,"Kelowna"
2023,"04-29","Max_Temp_Year",27.6,23,"Higher",7,"Heatwave",27.6,"Kelowna"
2023,"04-30","Max_Temp_Year",26.9,23.3,"Higher",7,"Heatwave",26.9,"Kelowna"
2023,"05-01","Max_Temp_Year",24.2,23.9,"Higher",7,"Heatwave",24.2,"Kelowna"
2023,"05-02","Max_Temp_Year",26.1,23.9,"Higher",7,"Heatwave",26.1,"Kelowna"
2023,"05-03","Max_Temp_Year",28.2,23.9,"Higher",7,"Heatwave",28.2,"Kelowna"
2023,"05-04","Max_Temp_Year",30.1,24.4,"Higher",7,"Heatwave",30.1,"Kelowna"
2023,"05-05","Max_Temp_Year",20.4,24.4,"Not Higher",7,"Not Higher",NA,"Kelowna"
2023,"05-06","Max_Temp_Year",16.3,24.7,"Not Higher",7,"Not Higher",NA,"Kelowna"
2023,"05-07","Max_Temp_Year",17,25,"Not Higher",7,"Not Higher",NA,"Kelowna"
2023,"05-08","Max_Temp_Year",20,25.1,"Not Higher",7,"Not Higher",NA,"Kelowna"
2023,"05-09","Max_Temp_Year",20.7,25.5,"Not Higher",7,"Not Higher",NA,"Kelowna"
2023,"05-10","Max_Temp_Year",21.5,25.5,"Not Higher",7,"Not Higher",NA,"Kelowna"
2023,"05-11","Max_Temp_Year",25.2,25.6,"Not Higher",7,"Not Higher",NA,"Kelowna"
2023,"05-12","Max_Temp_Year",27.5,25.6,"Higher",9,"Heatwave",27.5,"Kelowna"
2023,"05-13","Max_Temp_Year",29.9,25.6,"Higher",9,"Heatwave",29.9,"Kelowna"
2023,"05-14","Max_Temp_Year",31.3,26.1,"Higher",9,"Heatwave",31.3,"Kelowna"
2023,"05-15","Max_Temp_Year",31.9,26.1,"Higher",9,"Heatwave",31.9,"Kelowna"
2023,"05-16","Max_Temp_Year",30.4,26.7,"Higher",9,"Heatwave",30.4,"Kelowna"
2023,"05-17","Max_Temp_Year",28.6,26.7,"Higher",9,"Heatwave",28.6,"Kelowna"
2023,"05-18","Max_Temp_Year",30.1,26.7,"Higher",9,"Heatwave",30.1,"Kelowna"
2023,"05-19","Max_Temp_Year",32.2,26.7,"Higher",9,"Heatwave",32.2,"Kelowna"
2023,"05-20","Max_Temp_Year",29.9,26.7,"Higher",9,"Heatwave",29.9,"Kelowna"
2023,"05-21","Max_Temp_Year",21.6,27.2,"Not Higher",8,"Not Higher",NA,"Kelowna"
2023,"05-22","Max_Temp_Year",17.2,27.2,"Not Higher",8,"Not Higher",NA,"Kelowna"
2023,"05-23","Max_Temp_Year",18.1,27.2,"Not Higher",8,"Not Higher",NA,"Kelowna"
2023,"05-24","Max_Temp_Year",19.9,27.5,"Not Higher",8,"Not Higher",NA,"Kelowna"
2023,"05-25","Max_Temp_Year",20.6,27.8,"Not Higher",8,"Not Higher",NA,"Kelowna"
2023,"05-26","Max_Temp_Year",26.8,27.8,"Not Higher",8,"Not Higher",NA,"Kelowna"
2023,"05-27","Max_Temp_Year",27.8,27.9,"Not Higher",8,"Not Higher",NA,"Kelowna"
2023,"05-28","Max_Temp_Year",27.5,28.2,"Not Higher",8,"Not Higher",NA,"Kelowna"
2023,"05-29","Max_Temp_Year",28.4,28.3,"Not Higher",1,"Not Higher",NA,"Kelowna"
2023,"05-30","Max_Temp_Year",27.3,28.3,"Not Higher",3,"Not Higher",NA,"Kelowna"
2023,"05-31","Max_Temp_Year",24.6,28.3,"Not Higher",3,"Not Higher",NA,"Kelowna"
2023,"06-01","Max_Temp_Year",26.2,28.7,"Not Higher",3,"Not Higher",NA,"Kelowna"
2023,"06-02","Max_Temp_Year",28.8,28.75,"Not Higher",2,"Not Higher",NA,"Kelowna"
2023,"06-03","Max_Temp_Year",29.9,28.9,"Not Higher",2,"Not Higher",NA,"Kelowna"
2023,"06-04","Max_Temp_Year",28,28.9,"Not Higher",3,"Not Higher",NA,"Kelowna"
2023,"06-05","Max_Temp_Year",23.9,28.9,"Not Higher",3,"Not Higher",NA,"Kelowna"
2023,"06-06","Max_Temp_Year",28,28.9,"Not Higher",3,"Not Higher",NA,"Kelowna"
2023,"06-07","Max_Temp_Year",32.5,29.2,"Not Higher",2,"Not Higher",NA,"Kelowna"
2023,"06-08","Max_Temp_Year",34.4,29.4,"Not Higher",2,"Not Higher",NA,"Kelowna"
2023,"06-09","Max_Temp_Year",28.1,29.4,"Not Higher",3,"Not Higher",NA,"Kelowna"
2023,"06-10","Max_Temp_Year",25.7,29.4,"Not Higher",3,"Not Higher",NA,"Kelowna"
2023,"06-11","Max_Temp_Year",27.7,29.4,"Not Higher",3,"Not Higher",NA,"Kelowna"
2023,"06-12","Max_Temp_Year",33.6,29.4,"Not Higher",1,"Not Higher",NA,"Kelowna"
2023,"06-13","Max_Temp_Year",29.4,29.4,"Not Higher",9,"Not Higher",NA,"Kelowna"
2023,"06-14","Max_Temp_Year",16.7,29.8,"Not Higher",9,"Not Higher",NA,"Kelowna"
2023,"06-15","Max_Temp_Year",25.5,29.8,"Not Higher",9,"Not Higher",NA,"Kelowna"
2023,"06-16","Max_Temp_Year",24.6,30,"Not Higher",9,"Not Higher",NA,"Kelowna"
2023,"06-17","Max_Temp_Year",24.5,30,"Not Higher",9,"Not Higher",NA,"Kelowna"
2023,"06-18","Max_Temp_Year",16.4,30,"Not Higher",9,"Not Higher",NA,"Kelowna"
2023,"06-19","Max_Temp_Year",14.5,30.2,"Not Higher",9,"Not Higher",NA,"Kelowna"
2023,"06-20","Max_Temp_Year",15.7,30.4,"Not Higher",9,"Not Higher",NA,"Kelowna"
2023,"06-21","Max_Temp_Year",21.5,30.6,"Not Higher",9,"Not Higher",NA,"Kelowna"
2023,"06-22","Max_Temp_Year",NA,30.6,NA,1,NA,NA,"Kelowna"
2023,"06-23","Max_Temp_Year",NA,30.77,NA,1,NA,NA,"Kelowna"
2023,"06-24","Max_Temp_Year",26.7,31.1,"Not Higher",3,"Not Higher",NA,"Kelowna"
2023,"06-25","Max_Temp_Year",26.8,31.1,"Not Higher",3,"Not Higher",NA,"Kelowna"
2023,"06-26","Max_Temp_Year",30,31.23,"Not Higher",3,"Not Higher",NA,"Kelowna"
2023,"06-27","Max_Temp_Year",32.3,31.7,"Not Higher",4,"Not Higher",NA,"Kelowna"
2023,"06-28","Max_Temp_Year",32.6,31.7,"Not Higher",4,"Not Higher",NA,"Kelowna"
2023,"06-29","Max_Temp_Year",32.4,31.7,"Not Higher",4,"Not Higher",NA,"Kelowna"
2023,"06-30","Max_Temp_Year",33.2,31.8,"Not Higher",4,"Not Higher",NA,"Kelowna"
2023,"07-01","Max_Temp_Year",29.1,32.14,"Not Higher",5,"Not Higher",NA,"Kelowna"
2023,"07-02","Max_Temp_Year",26,32.2,"Not Higher",5,"Not Higher",NA,"Kelowna"
2023,"07-03","Max_Temp_Year",28.1,32.2,"Not Higher",5,"Not Higher",NA,"Kelowna"
2023,"07-04","Max_Temp_Year",30.1,32.5,"Not Higher",5,"Not Higher",NA,"Kelowna"
2023,"07-05","Max_Temp_Year",31.7,32.8,"Not Higher",5,"Not Higher",NA,"Kelowna"
2023,"07-06","Max_Temp_Year",33,32.8,"Not Higher",1,"Not Higher",NA,"Kelowna"
2023,"07-07","Max_Temp_Year",32.3,32.8,"Not Higher",1,"Not Higher",NA,"Kelowna"
2023,"07-08","Max_Temp_Year",34.6,32.8,"Not Higher",2,"Not Higher",NA,"Kelowna"
2023,"07-09","Max_Temp_Year",34.5,33,"Not Higher",2,"Not Higher",NA,"Kelowna"
2023,"07-10","Max_Temp_Year",29.7,33.02,"Not Higher",5,"Not Higher",NA,"Kelowna"
2023,"07-11","Max_Temp_Year",29.5,33.1,"Not Higher",5,"Not Higher",NA,"Kelowna"
2023,"07-12","Max_Temp_Year",28.7,33.21,"Not Higher",5,"Not Higher",NA,"Kelowna"
2023,"07-13","Max_Temp_Year",29.1,33.3,"Not Higher",5,"Not Higher",NA,"Kelowna"
2023,"07-14","Max_Temp_Year",32.5,33.35,"Not Higher",5,"Not Higher",NA,"Kelowna"
2023,"07-15","Max_Temp_Year",34.1,33.7,"Not Higher",2,"Not Higher",NA,"Kelowna"
2023,"07-16","Max_Temp_Year",35.2,33.9,"Not Higher",2,"Not Higher",NA,"Kelowna"
2023,"07-17","Max_Temp_Year",27,33.9,"Not Higher",3,"Not Higher",NA,"Kelowna"
2023,"07-18","Max_Temp_Year",28.1,33.9,"Not Higher",3,"Not Higher",NA,"Kelowna"
2023,"07-19","Max_Temp_Year",32.9,33.97,"Not Higher",3,"Not Higher",NA,"Kelowna"
2023,"07-20","Max_Temp_Year",36.3,34,"Not Higher",2,"Not Higher",NA,"Kelowna"
2023,"07-21","Max_Temp_Year",36,34.2,"Not Higher",2,"Not Higher",NA,"Kelowna"
2023,"07-22","Max_Temp_Year",34.1,34.2,"Not Higher",7,"Not Higher",NA,"Kelowna"
2023,"07-23","Max_Temp_Year",34.1,34.2,"Not Higher",7,"Not Higher",NA,"Kelowna"
2023,"07-24","Max_Temp_Year",28.7,34.3,"Not Higher",7,"Not Higher",NA,"Kelowna"
2023,"07-25","Max_Temp_Year",22.9,34.3,"Not Higher",7,"Not Higher",NA,"Kelowna"
2023,"07-26","Max_Temp_Year",25.8,34.3,"Not Higher",7,"Not Higher",NA,"Kelowna"
2023,"07-27","Max_Temp_Year",28.8,34.2,"Not Higher",7,"Not Higher",NA,"Kelowna"
2023,"07-28","Max_Temp_Year",31.5,34.1,"Not Higher",7,"Not Higher",NA,"Kelowna"
2023,"07-29","Max_Temp_Year",34.5,34.1,"Not Higher",1,"Not Higher",NA,"Kelowna"
2023,"07-30","Max_Temp_Year",30.9,34,"Not Higher",14,"Not Higher",NA,"Kelowna"
2023,"07-31","Max_Temp_Year",30.2,33.9,"Not Higher",14,"Not Higher",NA,"Kelowna"
2023,"08-01","Max_Temp_Year",32.5,33.9,"Not Higher",14,"Not Higher",NA,"Kelowna"
2023,"08-02","Max_Temp_Year",33.1,33.9,"Not Higher",14,"Not Higher",NA,"Kelowna"
2023,"08-03","Max_Temp_Year",31.1,33.9,"Not Higher",14,"Not Higher",NA,"Kelowna"
2023,"08-04","Max_Temp_Year",32.9,33.9,"Not Higher",14,"Not Higher",NA,"Kelowna"
2023,"08-05","Max_Temp_Year",33.2,33.7,"Not Higher",14,"Not Higher",NA,"Kelowna"
2023,"08-06","Max_Temp_Year",33.6,33.6,"Not Higher",14,"Not Higher",NA,"Kelowna"
2023,"08-07","Max_Temp_Year",30.9,33.5,"Not Higher",14,"Not Higher",NA,"Kelowna"
2023,"08-08","Max_Temp_Year",28.4,33.5,"Not Higher",14,"Not Higher",NA,"Kelowna"
2023,"08-09","Max_Temp_Year",27.4,33.5,"Not Higher",14,"Not Higher",NA,"Kelowna"
2023,"08-10","Max_Temp_Year",25.9,33.3,"Not Higher",14,"Not Higher",NA,"Kelowna"
2023,"08-11","Max_Temp_Year",29.7,33.3,"Not Higher",14,"Not Higher",NA,"Kelowna"
2023,"08-12","Max_Temp_Year",30.4,33.3,"Not Higher",14,"Not Higher",NA,"Kelowna"
2023,"08-13","Max_Temp_Year",34.3,33.3,"Higher",5,"Heatwave",34.3,"Kelowna"
2023,"08-14","Max_Temp_Year",36.8,32.91,"Higher",5,"Heatwave",36.8,"Kelowna"
2023,"08-15","Max_Temp_Year",38.3,32.8,"Higher",5,"Heatwave",38.3,"Kelowna"
2023,"08-16","Max_Temp_Year",33.8,32.6,"Higher",5,"Heatwave",33.8,"Kelowna"
2023,"08-17","Max_Temp_Year",35.1,32.2,"Higher",5,"Heatwave",35.1,"Kelowna"
2023,"08-18","Max_Temp_Year",28.7,32.1,"Not Higher",6,"Not Higher",NA,"Kelowna"
2023,"08-19","Max_Temp_Year",24.1,31.7,"Not Higher",6,"Not Higher",NA,"Kelowna"
2023,"08-20","Max_Temp_Year",25.1,31.7,"Not Higher",6,"Not Higher",NA,"Kelowna"
2023,"08-21","Max_Temp_Year",27.2,31.5,"Not Higher",6,"Not Higher",NA,"Kelowna"
2023,"08-22","Max_Temp_Year",24.4,31.2,"Not Higher",6,"Not Higher",NA,"Kelowna"
2023,"08-23","Max_Temp_Year",22.3,31.1,"Not Higher",6,"Not Higher",NA,"Kelowna"
2023,"08-24","Max_Temp_Year",NA,31.1,NA,1,NA,NA,"Kelowna"
2023,"08-25","Max_Temp_Year",25.6,30.7,"Not Higher",3,"Not Higher",NA,"Kelowna"
2023,"08-26","Max_Temp_Year",29.3,30.6,"Not Higher",3,"Not Higher",NA,"Kelowna"
2023,"08-27","Max_Temp_Year",30.2,30.6,"Not Higher",3,"Not Higher",NA,"Kelowna"
2023,"08-28","Max_Temp_Year",32.8,30.1,"Not Higher",1,"Not Higher",NA,"Kelowna"
2023,"08-29","Max_Temp_Year",25.1,30,"Not Higher",12,"Not Higher",NA,"Kelowna"
2023,"08-30","Max_Temp_Year",21.2,29.9,"Not Higher",12,"Not Higher",NA,"Kelowna"
2023,"08-31","Max_Temp_Year",18.8,29.5,"Not Higher",12,"Not Higher",NA,"Kelowna"
2023,"09-01","Max_Temp_Year",23.4,29.4,"Not Higher",12,"Not Higher",NA,"Kelowna"
2023,"09-02","Max_Temp_Year",27.2,29.4,"Not Higher",12,"Not Higher",NA,"Kelowna"
2023,"09-03","Max_Temp_Year",25.9,29.4,"Not Higher",12,"Not Higher",NA,"Kelowna"
2023,"09-04","Max_Temp_Year",24.9,29.04,"Not Higher",12,"Not Higher",NA,"Kelowna"
2023,"09-05","Max_Temp_Year",25.5,28.9,"Not Higher",12,"Not Higher",NA,"Kelowna"
2023,"09-06","Max_Temp_Year",25.6,28.6,"Not Higher",12,"Not Higher",NA,"Kelowna"
2023,"09-07","Max_Temp_Year",25.3,28.3,"Not Higher",12,"Not Higher",NA,"Kelowna"
2023,"09-08","Max_Temp_Year",26.9,28.3,"Not Higher",12,"Not Higher",NA,"Kelowna"
2023,"09-09","Max_Temp_Year",28.3,28.3,"Not Higher",12,"Not Higher",NA,"Kelowna"
2023,"09-10","Max_Temp_Year",29.8,28,"Not Higher",1,"Not Higher",NA,"Kelowna"
2023,"09-11","Max_Temp_Year",27,27.8,"Not Higher",4,"Not Higher",NA,"Kelowna"
2023,"09-12","Max_Temp_Year",26.1,27.7,"Not Higher",4,"Not Higher",NA,"Kelowna"
2023,"09-13","Max_Temp_Year",24.9,27.4,"Not Higher",4,"Not Higher",NA,"Kelowna"
2023,"09-14","Max_Temp_Year",25.8,27.2,"Not Higher",4,"Not Higher",NA,"Kelowna"
2023,"09-15","Max_Temp_Year",28.8,26.7,"Not Higher",2,"Not Higher",NA,"Kelowna"
2023,"09-16","Max_Temp_Year",29.5,26.7,"Not Higher",2,"Not Higher",NA,"Kelowna"
2023,"09-17","Max_Temp_Year",26.4,26.4,"Not Higher",20,"Not Higher",NA,"Kelowna"
2023,"09-18","Max_Temp_Year",20.3,26.1,"Not Higher",20,"Not Higher",NA,"Kelowna"
2023,"09-19","Max_Temp_Year",15.5,25.9,"Not Higher",20,"Not Higher",NA,"Kelowna"
2023,"09-20","Max_Temp_Year",18.2,25.6,"Not Higher",20,"Not Higher",NA,"Kelowna"
2023,"09-21","Max_Temp_Year",21.3,25.6,"Not Higher",20,"Not Higher",NA,"Kelowna"
2023,"09-22","Max_Temp_Year",23.1,25,"Not Higher",20,"Not Higher",NA,"Kelowna"
2023,"09-23","Max_Temp_Year",20.1,24.87,"Not Higher",20,"Not Higher",NA,"Kelowna"
2023,"09-24","Max_Temp_Year",18.1,24.4,"Not Higher",20,"Not Higher",NA,"Kelowna"
2023,"09-25","Max_Temp_Year",19.7,24.4,"Not Higher",20,"Not Higher",NA,"Kelowna"
2023,"09-26","Max_Temp_Year",19.2,23.9,"Not Higher",20,"Not Higher",NA,"Kelowna"
2023,"09-27","Max_Temp_Year",14.1,23.9,"Not Higher",20,"Not Higher",NA,"Kelowna"
2023,"09-28","Max_Temp_Year",16.6,23.8,"Not Higher",20,"Not Higher",NA,"Kelowna"
2023,"09-29","Max_Temp_Year",14.4,23.3,"Not Higher",20,"Not Higher",NA,"Kelowna"
2023,"09-30","Max_Temp_Year",16.5,23.2,"Not Higher",20,"Not Higher",NA,"Kelowna"
2023,"10-01","Max_Temp_Year",16.2,22.8,"Not Higher",20,"Not Higher",NA,"Kelowna"
2023,"10-02","Max_Temp_Year",15.1,22.4,"Not Higher",20,"Not Higher",NA,"Kelowna"
2023,"10-03","Max_Temp_Year",20.1,22.2,"Not Higher",20,"Not Higher",NA,"Kelowna"
2023,"10-04","Max_Temp_Year",21.2,21.7,"Not Higher",20,"Not Higher",NA,"Kelowna"
2023,"10-05","Max_Temp_Year",18.7,21.5,"Not Higher",20,"Not Higher",NA,"Kelowna"
2023,"10-06","Max_Temp_Year",19,21.1,"Not Higher",20,"Not Higher",NA,"Kelowna"
2023,"10-07","Max_Temp_Year",21.7,20.7,"Not Higher",2,"Not Higher",NA,"Kelowna"
2023,"10-08","Max_Temp_Year",22.1,20.2,"Not Higher",2,"Not Higher",NA,"Kelowna"
2023,"10-09","Max_Temp_Year",19,20,"Not Higher",10,"Not Higher",NA,"Kelowna"
2023,"10-10","Max_Temp_Year",16.7,19.4,"Not Higher",10,"Not Higher",NA,"Kelowna"
2023,"10-11","Max_Temp_Year",16.5,19.26,"Not Higher",10,"Not Higher",NA,"Kelowna"
2023,"10-12","Max_Temp_Year",16.3,18.9,"Not Higher",10,"Not Higher",NA,"Kelowna"
2023,"10-13","Max_Temp_Year",16.9,18.9,"Not Higher",10,"Not Higher",NA,"Kelowna"
2023,"10-14","Max_Temp_Year",15.1,18.3,"Not Higher",10,"Not Higher",NA,"Kelowna"
2023,"10-15","Max_Temp_Year",17.1,18.06,"Not Higher",10,"Not Higher",NA,"Kelowna"
2023,"10-16","Max_Temp_Year",16.8,17.6,"Not Higher",10,"Not Higher",NA,"Kelowna"
2023,"10-17","Max_Temp_Year",16,17.2,"Not Higher",10,"Not Higher",NA,"Kelowna"
2023,"10-18","Max_Temp_Year",17.1,17.2,"Not Higher",10,"Not Higher",NA,"Kelowna"
2023,"10-19","Max_Temp_Year",18.1,16.7,"Not Higher",2,"Not Higher",NA,"Kelowna"
2023,"10-20","Max_Temp_Year",17.9,16.7,"Not Higher",2,"Not Higher",NA,"Kelowna"
2023,"10-21","Max_Temp_Year",12.4,16.2,"Not Higher",11,"Not Higher",NA,"Kelowna"
2023,"10-22","Max_Temp_Year",14.7,16.1,"Not Higher",11,"Not Higher",NA,"Kelowna"
2023,"10-23","Max_Temp_Year",15.6,15.6,"Not Higher",11,"Not Higher",NA,"Kelowna"
2023,"10-24","Max_Temp_Year",7,15.6,"Not Higher",11,"Not Higher",NA,"Kelowna"
2023,"10-25","Max_Temp_Year",5.5,15.5,"Not Higher",11,"Not Higher",NA,"Kelowna"
2023,"10-26","Max_Temp_Year",5.1,15,"Not Higher",11,"Not Higher",NA,"Kelowna"
2023,"10-27","Max_Temp_Year",5.8,15,"Not Higher",11,"Not Higher",NA,"Kelowna"
2023,"10-28","Max_Temp_Year",6.1,14.7,"Not Higher",11,"Not Higher",NA,"Kelowna"
2023,"10-29","Max_Temp_Year",6.6,14.4,"Not Higher",11,"Not Higher",NA,"Kelowna"
2023,"10-30","Max_Temp_Year",7.4,14.1,"Not Higher",11,"Not Higher",NA,"Kelowna"
2023,"10-31","Max_Temp_Year",6.9,13.9,"Not Higher",11,"Not Higher",NA,"Kelowna"
2024,"04-01","Max_Temp_Year",19.9,16.97,"Not Higher",3,"Not Higher",NA,"Kelowna"
2024,"04-02","Max_Temp_Year",21.4,17.2,"Not Higher",3,"Not Higher",NA,"Kelowna"
2024,"04-03","Max_Temp_Year",17.7,17.5,"Not Higher",3,"Not Higher",NA,"Kelowna"
2024,"04-04","Max_Temp_Year",9.6,17.8,"Not Higher",10,"Not Higher",NA,"Kelowna"
2024,"04-05","Max_Temp_Year",9.1,17.8,"Not Higher",10,"Not Higher",NA,"Kelowna"
2024,"04-06","Max_Temp_Year",14.7,18.2,"Not Higher",10,"Not Higher",NA,"Kelowna"
2024,"04-07","Max_Temp_Year",14.3,18.3,"Not Higher",10,"Not Higher",NA,"Kelowna"
2024,"04-08","Max_Temp_Year",11.3,18.3,"Not Higher",10,"Not Higher",NA,"Kelowna"
2024,"04-09","Max_Temp_Year",15.7,18.9,"Not Higher",10,"Not Higher",NA,"Kelowna"
2024,"04-10","Max_Temp_Year",16,18.9,"Not Higher",10,"Not Higher",NA,"Kelowna"
2024,"04-11","Max_Temp_Year",14.3,19.4,"Not Higher",10,"Not Higher",NA,"Kelowna"
2024,"04-12","Max_Temp_Year",16.6,19.4,"Not Higher",10,"Not Higher",NA,"Kelowna"
2024,"04-13","Max_Temp_Year",19.2,19.4,"Not Higher",10,"Not Higher",NA,"Kelowna"
2024,"04-14","Max_Temp_Year",21.1,20,"Not Higher",1,"Not Higher",NA,"Kelowna"
2024,"04-15","Max_Temp_Year",17.3,20,"Not Higher",24,"Not Higher",NA,"Kelowna"
2024,"04-16","Max_Temp_Year",10.3,20.2,"Not Higher",24,"Not Higher",NA,"Kelowna"
2024,"04-17","Max_Temp_Year",12.3,20.5,"Not Higher",24,"Not Higher",NA,"Kelowna"
2024,"04-18","Max_Temp_Year",13.8,20.6,"Not Higher",24,"Not Higher",NA,"Kelowna"
2024,"04-19","Max_Temp_Year",14.8,20.7,"Not Higher",24,"Not Higher",NA,"Kelowna"
2024,"04-20","Max_Temp_Year",19.2,21.1,"Not Higher",24,"Not Higher",NA,"Kelowna"
2024,"04-21","Max_Temp_Year",15.3,21.1,"Not Higher",24,"Not Higher",NA,"Kelowna"
2024,"04-22","Max_Temp_Year",16.3,21.5,"Not Higher",24,"Not Higher",NA,"Kelowna"
2024,"04-23","Max_Temp_Year",19.7,21.7,"Not Higher",24,"Not Higher",NA,"Kelowna"
2024,"04-24","Max_Temp_Year",17.5,22.07,"Not Higher",24,"Not Higher",NA,"Kelowna"
2024,"04-25","Max_Temp_Year",14,22.2,"Not Higher",24,"Not Higher",NA,"Kelowna"
2024,"04-26","Max_Temp_Year",17,22.4,"Not Higher",24,"Not Higher",NA,"Kelowna"
2024,"04-27","Max_Temp_Year",14.6,22.8,"Not Higher",24,"Not Higher",NA,"Kelowna"
2024,"04-28","Max_Temp_Year",16,22.8,"Not Higher",24,"Not Higher",NA,"Kelowna"
2024,"04-29","Max_Temp_Year",12,23,"Not Higher",24,"Not Higher",NA,"Kelowna"
2024,"04-30","Max_Temp_Year",14.1,23.3,"Not Higher",24,"Not Higher",NA,"Kelowna"
2024,"05-01","Max_Temp_Year",17.1,23.9,"Not Higher",24,"Not Higher",NA,"Kelowna"
2024,"05-02","Max_Temp_Year",20,23.9,"Not Higher",24,"Not Higher",NA,"Kelowna"
2024,"05-03","Max_Temp_Year",19.9,23.9,"Not Higher",24,"Not Higher",NA,"Kelowna"
2024,"05-04","Max_Temp_Year",19.7,24.4,"Not Higher",24,"Not Higher",NA,"Kelowna"
2024,"05-05","Max_Temp_Year",20.7,24.4,"Not Higher",24,"Not Higher",NA,"Kelowna"
2024,"05-06","Max_Temp_Year",18.5,24.7,"Not Higher",24,"Not Higher",NA,"Kelowna"
2024,"05-07","Max_Temp_Year",16.1,25,"Not Higher",24,"Not Higher",NA,"Kelowna"
2024,"05-08","Max_Temp_Year",21,25.1,"Not Higher",24,"Not Higher",NA,"Kelowna"
2024,"05-09","Max_Temp_Year",25.8,25.5,"Not Higher",4,"Not Higher",NA,"Kelowna"
2024,"05-10","Max_Temp_Year",29.1,25.5,"Not Higher",4,"Not Higher",NA,"Kelowna"
2024,"05-11","Max_Temp_Year",31.1,25.6,"Not Higher",4,"Not Higher",NA,"Kelowna"
2024,"05-12","Max_Temp_Year",29.9,25.6,"Not Higher",4,"Not Higher",NA,"Kelowna"
2024,"05-13","Max_Temp_Year",22,25.6,"Not Higher",15,"Not Higher",NA,"Kelowna"
2024,"05-14","Max_Temp_Year",23.1,26.1,"Not Higher",15,"Not Higher",NA,"Kelowna"
2024,"05-15","Max_Temp_Year",25.2,26.1,"Not Higher",15,"Not Higher",NA,"Kelowna"
2024,"05-16","Max_Temp_Year",22.6,26.7,"Not Higher",15,"Not Higher",NA,"Kelowna"
2024,"05-17","Max_Temp_Year",14,26.7,"Not Higher",15,"Not Higher",NA,"Kelowna"
2024,"05-18","Max_Temp_Year",15.8,26.7,"Not Higher",15,"Not Higher",NA,"Kelowna"
2024,"05-19","Max_Temp_Year",17.2,26.7,"Not Higher",15,"Not Higher",NA,"Kelowna"
2024,"05-20","Max_Temp_Year",20.5,26.7,"Not Higher",15,"Not Higher",NA,"Kelowna"
2024,"05-21","Max_Temp_Year",15.8,27.2,"Not Higher",15,"Not Higher",NA,"Kelowna"
2024,"05-22","Max_Temp_Year",16.5,27.2,"Not Higher",15,"Not Higher",NA,"Kelowna"
2024,"05-23","Max_Temp_Year",18.6,27.2,"Not Higher",15,"Not Higher",NA,"Kelowna"
2024,"05-24","Max_Temp_Year",19.6,27.5,"Not Higher",15,"Not Higher",NA,"Kelowna"
2024,"05-25","Max_Temp_Year",18.5,27.8,"Not Higher",15,"Not Higher",NA,"Kelowna"
2024,"05-26","Max_Temp_Year",18.6,27.8,"Not Higher",15,"Not Higher",NA,"Kelowna"
2024,"05-27","Max_Temp_Year",22,27.9,"Not Higher",15,"Not Higher",NA,"Kelowna"
2024,"05-28","Max_Temp_Year",NA,28.2,NA,1,NA,NA,"Kelowna"
2024,"05-29","Max_Temp_Year",NA,28.3,NA,1,NA,NA,"Kelowna"
2024,"05-30","Max_Temp_Year",17.6,28.3,"Not Higher",5,"Not Higher",NA,"Kelowna"
2024,"05-31","Max_Temp_Year",22.5,28.3,"Not Higher",5,"Not Higher",NA,"Kelowna"
2024,"06-01","Max_Temp_Year",21.2,28.7,"Not Higher",5,"Not Higher",NA,"Kelowna"
2024,"06-02","Max_Temp_Year",19.2,28.75,"Not Higher",5,"Not Higher",NA,"Kelowna"
2024,"06-03","Max_Temp_Year",18.7,28.9,"Not Higher",5,"Not Higher",NA,"Kelowna"
2024,"06-04","Max_Temp_Year",NA,28.9,NA,1,NA,NA,"Kelowna"
2024,"06-05","Max_Temp_Year",NA,28.9,NA,1,NA,NA,"Kelowna"
2024,"06-06","Max_Temp_Year",NA,28.9,NA,1,NA,NA,"Kelowna"
2024,"06-07","Max_Temp_Year",NA,29.2,NA,1,NA,NA,"Kelowna"
2024,"06-08","Max_Temp_Year",NA,29.4,NA,1,NA,NA,"Kelowna"
2024,"06-09","Max_Temp_Year",NA,29.4,NA,1,NA,NA,"Kelowna"
2024,"06-10","Max_Temp_Year",NA,29.4,NA,1,NA,NA,"Kelowna"
2024,"06-11","Max_Temp_Year",NA,29.4,NA,1,NA,NA,"Kelowna"
2024,"06-12","Max_Temp_Year",NA,29.4,NA,1,NA,NA,"Kelowna"
2024,"06-13","Max_Temp_Year",NA,29.4,NA,1,NA,NA,"Kelowna"
2024,"06-14","Max_Temp_Year",NA,29.8,NA,1,NA,NA,"Kelowna"
2024,"06-15","Max_Temp_Year",NA,29.8,NA,1,NA,NA,"Kelowna"
2024,"06-16","Max_Temp_Year",NA,30,NA,1,NA,NA,"Kelowna"
2024,"06-17","Max_Temp_Year",NA,30,NA,1,NA,NA,"Kelowna"
2024,"06-18","Max_Temp_Year",NA,30,NA,1,NA,NA,"Kelowna"
2024,"06-19","Max_Temp_Year",NA,30.2,NA,1,NA,NA,"Kelowna"
2024,"06-20","Max_Temp_Year",NA,30.4,NA,1,NA,NA,"Kelowna"
2024,"06-21","Max_Temp_Year",NA,30.6,NA,1,NA,NA,"Kelowna"
2024,"06-22","Max_Temp_Year",NA,30.6,NA,1,NA,NA,"Kelowna"
2024,"06-23","Max_Temp_Year",NA,30.77,NA,1,NA,NA,"Kelowna"
2024,"06-24","Max_Temp_Year",NA,31.1,NA,1,NA,NA,"Kelowna"
2024,"06-25","Max_Temp_Year",NA,31.1,NA,1,NA,NA,"Kelowna"
2024,"06-26","Max_Temp_Year",NA,31.23,NA,1,NA,NA,"Kelowna"
2024,"06-27","Max_Temp_Year",NA,31.7,NA,1,NA,NA,"Kelowna"
2024,"06-28","Max_Temp_Year",NA,31.7,NA,1,NA,NA,"Kelowna"
2024,"06-29","Max_Temp_Year",NA,31.7,NA,1,NA,NA,"Kelowna"
2024,"06-30","Max_Temp_Year",NA,31.8,NA,1,NA,NA,"Kelowna"
2024,"07-01","Max_Temp_Year",NA,32.14,NA,1,NA,NA,"Kelowna"
2024,"07-02","Max_Temp_Year",NA,32.2,NA,1,NA,NA,"Kelowna"
2024,"07-03","Max_Temp_Year",NA,32.2,NA,1,NA,NA,"Kelowna"
2024,"07-04","Max_Temp_Year",NA,32.5,NA,1,NA,NA,"Kelowna"
2024,"07-05","Max_Temp_Year",NA,32.8,NA,1,NA,NA,"Kelowna"
2024,"07-06","Max_Temp_Year",NA,32.8,NA,1,NA,NA,"Kelowna"
2024,"07-07","Max_Temp_Year",NA,32.8,NA,1,NA,NA,"Kelowna"
2024,"07-08","Max_Temp_Year",NA,32.8,NA,1,NA,NA,"Kelowna"
2024,"07-09","Max_Temp_Year",NA,33,NA,1,NA,NA,"Kelowna"
2024,"07-10","Max_Temp_Year",NA,33.02,NA,1,NA,NA,"Kelowna"
2024,"07-11","Max_Temp_Year",NA,33.1,NA,1,NA,NA,"Kelowna"
2024,"07-12","Max_Temp_Year",NA,33.21,NA,1,NA,NA,"Kelowna"
2024,"07-13","Max_Temp_Year",NA,33.3,NA,1,NA,NA,"Kelowna"
2024,"07-14","Max_Temp_Year",NA,33.35,NA,1,NA,NA,"Kelowna"
2024,"07-15","Max_Temp_Year",NA,33.7,NA,1,NA,NA,"Kelowna"
2024,"07-16","Max_Temp_Year",NA,33.9,NA,1,NA,NA,"Kelowna"
2024,"07-17","Max_Temp_Year",NA,33.9,NA,1,NA,NA,"Kelowna"
2024,"07-18","Max_Temp_Year",NA,33.9,NA,1,NA,NA,"Kelowna"
2024,"07-19","Max_Temp_Year",NA,33.97,NA,1,NA,NA,"Kelowna"
2024,"07-20","Max_Temp_Year",NA,34,NA,1,NA,NA,"Kelowna"
2024,"07-21","Max_Temp_Year",NA,34.2,NA,1,NA,NA,"Kelowna"
2024,"07-22","Max_Temp_Year",NA,34.2,NA,1,NA,NA,"Kelowna"
2024,"07-23","Max_Temp_Year",NA,34.2,NA,1,NA,NA,"Kelowna"
2024,"07-24","Max_Temp_Year",NA,34.3,NA,1,NA,NA,"Kelowna"
2024,"07-25","Max_Temp_Year",NA,34.3,NA,1,NA,NA,"Kelowna"
2024,"07-26","Max_Temp_Year",NA,34.3,NA,1,NA,NA,"Kelowna"
2024,"07-27","Max_Temp_Year",NA,34.2,NA,1,NA,NA,"Kelowna"
2024,"07-28","Max_Temp_Year",NA,34.1,NA,1,NA,NA,"Kelowna"
2024,"07-29","Max_Temp_Year",NA,34.1,NA,1,NA,NA,"Kelowna"
2024,"07-30","Max_Temp_Year",NA,34,NA,1,NA,NA,"Kelowna"
2024,"07-31","Max_Temp_Year",NA,33.9,NA,1,NA,NA,"Kelowna"
2024,"08-01","Max_Temp_Year",NA,33.9,NA,1,NA,NA,"Kelowna"
2024,"08-02","Max_Temp_Year",NA,33.9,NA,1,NA,NA,"Kelowna"
2024,"08-03","Max_Temp_Year",NA,33.9,NA,1,NA,NA,"Kelowna"
2024,"08-04","Max_Temp_Year",NA,33.9,NA,1,NA,NA,"Kelowna"
2024,"08-05","Max_Temp_Year",NA,33.7,NA,1,NA,NA,"Kelowna"
2024,"08-06","Max_Temp_Year",NA,33.6,NA,1,NA,NA,"Kelowna"
2024,"08-07","Max_Temp_Year",NA,33.5,NA,1,NA,NA,"Kelowna"
2024,"08-08","Max_Temp_Year",NA,33.5,NA,1,NA,NA,"Kelowna"
2024,"08-09","Max_Temp_Year",NA,33.5,NA,1,NA,NA,"Kelowna"
2024,"08-10","Max_Temp_Year",NA,33.3,NA,1,NA,NA,"Kelowna"
2024,"08-11","Max_Temp_Year",NA,33.3,NA,1,NA,NA,"Kelowna"
2024,"08-12","Max_Temp_Year",NA,33.3,NA,1,NA,NA,"Kelowna"
2024,"08-13","Max_Temp_Year",NA,33.3,NA,1,NA,NA,"Kelowna"
2024,"08-14","Max_Temp_Year",NA,32.91,NA,1,NA,NA,"Kelowna"
2024,"08-15","Max_Temp_Year",NA,32.8,NA,1,NA,NA,"Kelowna"
2024,"08-16","Max_Temp_Year",NA,32.6,NA,1,NA,NA,"Kelowna"
2024,"08-17","Max_Temp_Year",NA,32.2,NA,1,NA,NA,"Kelowna"
2024,"08-18","Max_Temp_Year",NA,32.1,NA,1,NA,NA,"Kelowna"
2024,"08-19","Max_Temp_Year",NA,31.7,NA,1,NA,NA,"Kelowna"
2024,"08-20","Max_Temp_Year",NA,31.7,NA,1,NA,NA,"Kelowna"
2024,"08-21","Max_Temp_Year",NA,31.5,NA,1,NA,NA,"Kelowna"
2024,"08-22","Max_Temp_Year",NA,31.2,NA,1,NA,NA,"Kelowna"
2024,"08-23","Max_Temp_Year",NA,31.1,NA,1,NA,NA,"Kelowna"
2024,"08-24","Max_Temp_Year",NA,31.1,NA,1,NA,NA,"Kelowna"
2024,"08-25","Max_Temp_Year",NA,30.7,NA,1,NA,NA,"Kelowna"
2024,"08-26","Max_Temp_Year",NA,30.6,NA,1,NA,NA,"Kelowna"
2024,"08-27","Max_Temp_Year",NA,30.6,NA,1,NA,NA,"Kelowna"
2024,"08-28","Max_Temp_Year",NA,30.1,NA,1,NA,NA,"Kelowna"
2024,"08-29","Max_Temp_Year",NA,30,NA,1,NA,NA,"Kelowna"
2024,"08-30","Max_Temp_Year",NA,29.9,NA,1,NA,NA,"Kelowna"
2024,"08-31","Max_Temp_Year",NA,29.5,NA,1,NA,NA,"Kelowna"
2024,"09-01","Max_Temp_Year",NA,29.4,NA,1,NA,NA,"Kelowna"
2024,"09-02","Max_Temp_Year",NA,29.4,NA,1,NA,NA,"Kelowna"
2024,"09-03","Max_Temp_Year",NA,29.4,NA,1,NA,NA,"Kelowna"
2024,"09-04","Max_Temp_Year",NA,29.04,NA,1,NA,NA,"Kelowna"
2024,"09-05","Max_Temp_Year",NA,28.9,NA,1,NA,NA,"Kelowna"
2024,"09-06","Max_Temp_Year",NA,28.6,NA,1,NA,NA,"Kelowna"
2024,"09-07","Max_Temp_Year",NA,28.3,NA,1,NA,NA,"Kelowna"
2024,"09-08","Max_Temp_Year",NA,28.3,NA,1,NA,NA,"Kelowna"
2024,"09-09","Max_Temp_Year",NA,28.3,NA,1,NA,NA,"Kelowna"
2024,"09-10","Max_Temp_Year",NA,28,NA,1,NA,NA,"Kelowna"
2024,"09-11","Max_Temp_Year",NA,27.8,NA,1,NA,NA,"Kelowna"
2024,"09-12","Max_Temp_Year",NA,27.7,NA,1,NA,NA,"Kelowna"
2024,"09-13","Max_Temp_Year",NA,27.4,NA,1,NA,NA,"Kelowna"
2024,"09-14","Max_Temp_Year",NA,27.2,NA,1,NA,NA,"Kelowna"
2024,"09-15","Max_Temp_Year",NA,26.7,NA,1,NA,NA,"Kelowna"
2024,"09-16","Max_Temp_Year",NA,26.7,NA,1,NA,NA,"Kelowna"
2024,"09-17","Max_Temp_Year",NA,26.4,NA,1,NA,NA,"Kelowna"
2024,"09-18","Max_Temp_Year",NA,26.1,NA,1,NA,NA,"Kelowna"
2024,"09-19","Max_Temp_Year",NA,25.9,NA,1,NA,NA,"Kelowna"
2024,"09-20","Max_Temp_Year",NA,25.6,NA,1,NA,NA,"Kelowna"
2024,"09-21","Max_Temp_Year",NA,25.6,NA,1,NA,NA,"Kelowna"
2024,"09-22","Max_Temp_Year",NA,25,NA,1,NA,NA,"Kelowna"
2024,"09-23","Max_Temp_Year",NA,24.87,NA,1,NA,NA,"Kelowna"
2024,"09-24","Max_Temp_Year",NA,24.4,NA,1,NA,NA,"Kelowna"
2024,"09-25","Max_Temp_Year",NA,24.4,NA,1,NA,NA,"Kelowna"
2024,"09-26","Max_Temp_Year",NA,23.9,NA,1,NA,NA,"Kelowna"
2024,"09-27","Max_Temp_Year",NA,23.9,NA,1,NA,NA,"Kelowna"
2024,"09-28","Max_Temp_Year",NA,23.8,NA,1,NA,NA,"Kelowna"
2024,"09-29","Max_Temp_Year",NA,23.3,NA,1,NA,NA,"Kelowna"
2024,"09-30","Max_Temp_Year",NA,23.2,NA,1,NA,NA,"Kelowna"
2024,"10-01","Max_Temp_Year",NA,22.8,NA,1,NA,NA,"Kelowna"
2024,"10-02","Max_Temp_Year",NA,22.4,NA,1,NA,NA,"Kelowna"
2024,"10-03","Max_Temp_Year",NA,22.2,NA,1,NA,NA,"Kelowna"
2024,"10-04","Max_Temp_Year",NA,21.7,NA,1,NA,NA,"Kelowna"
2024,"10-05","Max_Temp_Year",NA,21.5,NA,1,NA,NA,"Kelowna"
2024,"10-06","Max_Temp_Year",NA,21.1,NA,1,NA,NA,"Kelowna"
2024,"10-07","Max_Temp_Year",NA,20.7,NA,1,NA,NA,"Kelowna"
2024,"10-08","Max_Temp_Year",NA,20.2,NA,1,NA,NA,"Kelowna"
2024,"10-09","Max_Temp_Year",NA,20,NA,1,NA,NA,"Kelowna"
2024,"10-10","Max_Temp_Year",NA,19.4,NA,1,NA,NA,"Kelowna"
2024,"10-11","Max_Temp_Year",NA,19.26,NA,1,NA,NA,"Kelowna"
2024,"10-12","Max_Temp_Year",NA,18.9,NA,1,NA,NA,"Kelowna"
2024,"10-13","Max_Temp_Year",NA,18.9,NA,1,NA,NA,"Kelowna"
2024,"10-14","Max_Temp_Year",NA,18.3,NA,1,NA,NA,"Kelowna"
2024,"10-15","Max_Temp_Year",NA,18.06,NA,1,NA,NA,"Kelowna"
2024,"10-16","Max_Temp_Year",NA,17.6,NA,1,NA,NA,"Kelowna"
2024,"10-17","Max_Temp_Year",NA,17.2,NA,1,NA,NA,"Kelowna"
2024,"10-18","Max_Temp_Year",NA,17.2,NA,1,NA,NA,"Kelowna"
2024,"10-19","Max_Temp_Year",NA,16.7,NA,1,NA,NA,"Kelowna"
2024,"10-20","Max_Temp_Year",NA,16.7,NA,1,NA,NA,"Kelowna"
2024,"10-21","Max_Temp_Year",NA,16.2,NA,1,NA,NA,"Kelowna"
2024,"10-22","Max_Temp_Year",NA,16.1,NA,1,NA,NA,"Kelowna"
2024,"10-23","Max_Temp_Year",NA,15.6,NA,1,NA,NA,"Kelowna"
2024,"10-24","Max_Temp_Year",NA,15.6,NA,1,NA,NA,"Kelowna"
2024,"10-25","Max_Temp_Year",NA,15.5,NA,1,NA,NA,"Kelowna"
2024,"10-26","Max_Temp_Year",NA,15,NA,1,NA,NA,"Kelowna"
2024,"10-27","Max_Temp_Year",NA,15,NA,1,NA,NA,"Kelowna"
2024,"10-28","Max_Temp_Year",NA,14.7,NA,1,NA,NA,"Kelowna"
2024,"10-29","Max_Temp_Year",NA,14.4,NA,1,NA,NA,"Kelowna"
2024,"10-30","Max_Temp_Year",NA,14.1,NA,1,NA,NA,"Kelowna"
2024,"10-31","Max_Temp_Year",NA,13.9,NA,1,NA,NA,"Kelowna"
