Element,Item,Year,Unit,Value,Flag,Flag Description
Area harvested,Apples,1961,ha,32190,E,Estimated value
Yield,Apples,1961,100 g/ha,104761,E,Estimated value
Production,Apples,1961,t,337226,A,Official figure
Area harvested,Apples,1962,ha,38680,E,Estimated value
Yield,Apples,1962,100 g/ha,104604,E,Estimated value
Production,Apples,1962,t,404610,A,Official figure
Area harvested,Apples,1963,ha,44900,E,Estimated value
Yield,Apples,1963,100 g/ha,104720,E,Estimated value
Production,Apples,1963,t,470193,A,Official figure
Area harvested,Apples,1964,ha,39060,E,Estimated value
Yield,Apples,1964,100 g/ha,104785,E,Estimated value
Production,Apples,1964,t,409289,A,Official figure
Area harvested,Apples,1965,ha,43080,E,Estimated value
Yield,Apples,1965,100 g/ha,104672,E,Estimated value
Production,Apples,1965,t,450928,A,Official figure
Area harvested,Apples,1966,ha,40300,E,Estimated value
Yield,Apples,1966,100 g/ha,104653,E,Estimated value
Production,Apples,1966,t,421753,A,Official figure
Area harvested,Apples,1967,ha,41740,E,Estimated value
Yield,Apples,1967,100 g/ha,104610,E,Estimated value
Production,Apples,1967,t,436644,A,Official figure
Area harvested,Apples,1968,ha,38300,E,Estimated value
Yield,Apples,1968,100 g/ha,104673,E,Estimated value
Production,Apples,1968,t,400896,A,Official figure
Area harvested,Apples,1969,ha,41550,E,Estimated value
Yield,Apples,1969,100 g/ha,104751,E,Estimated value
Production,Apples,1969,t,435241,A,Official figure
Area harvested,Apples,1970,ha,39600,E,Estimated value
Yield,Apples,1970,100 g/ha,102404,E,Estimated value
Production,Apples,1970,t,405520,A,Official figure
Area harvested,Apples,1971,ha,37349,A,Official figure
Yield,Apples,1971,100 g/ha,104725,A,Official figure
Production,Apples,1971,t,391136,A,Official figure
Area harvested,Apples,1972,ha,37440,E,Estimated value
Yield,Apples,1972,100 g/ha,104916,E,Estimated value
Production,Apples,1972,t,392805,A,Official figure
Area harvested,Apples,1973,ha,35820,E,Estimated value
Yield,Apples,1973,100 g/ha,104604,E,Estimated value
Production,Apples,1973,t,374691,A,Official figure
Area harvested,Apples,1974,ha,38780,E,Estimated value
Yield,Apples,1974,100 g/ha,104779,E,Estimated value
Production,Apples,1974,t,406334,A,Official figure
Area harvested,Apples,1975,ha,43940,E,Estimated value
Yield,Apples,1975,100 g/ha,104788,E,Estimated value
Production,Apples,1975,t,460438,A,Official figure
Area harvested,Apples,1976,ha,39060,E,Estimated value
Yield,Apples,1976,100 g/ha,104755,E,Estimated value
Production,Apples,1976,t,409172,A,Official figure
Area harvested,Apples,1977,ha,39260,E,Estimated value
Yield,Apples,1977,100 g/ha,104794,E,Estimated value
Production,Apples,1977,t,411420,A,Official figure
Area harvested,Apples,1978,ha,43170,E,Estimated value
Yield,Apples,1978,100 g/ha,104688,E,Estimated value
Production,Apples,1978,t,451938,A,Official figure
Area harvested,Apples,1979,ha,41550,E,Estimated value
Yield,Apples,1979,100 g/ha,104669,E,Estimated value
Production,Apples,1979,t,434898,A,Official figure
Area harvested,Apples,1980,ha,52820,E,Estimated value
Yield,Apples,1980,100 g/ha,104617,E,Estimated value
Production,Apples,1980,t,552589,A,Official figure
Area harvested,Apples,1981,ha,34112,A,Official figure
Yield,Apples,1981,100 g/ha,123821,A,Official figure
Production,Apples,1981,t,422379,A,Official figure
Area harvested,Apples,1982,ha,38610,E,Estimated value
Yield,Apples,1982,100 g/ha,123705,E,Estimated value
Production,Apples,1982,t,477626,A,Official figure
Area harvested,Apples,1983,ha,39180,E,Estimated value
Yield,Apples,1983,100 g/ha,123750,E,Estimated value
Production,Apples,1983,t,484853,A,Official figure
Area harvested,Apples,1984,ha,35060,E,Estimated value
Yield,Apples,1984,100 g/ha,123858,E,Estimated value
Production,Apples,1984,t,434247,A,Official figure
Area harvested,Apples,1985,ha,34000,E,Estimated value
Yield,Apples,1985,100 g/ha,140766,E,Estimated value
Production,Apples,1985,t,478605,A,Official figure
Area harvested,Apples,1986,ha,25000,E,Estimated value
Yield,Apples,1986,100 g/ha,155270,E,Estimated value
Production,Apples,1986,t,388175,A,Official figure
Area harvested,Apples,1987,ha,30000,E,Estimated value
Yield,Apples,1987,100 g/ha,163350,E,Estimated value
Production,Apples,1987,t,490050,A,Official figure
Area harvested,Apples,1988,ha,29500,E,Estimated value
Yield,Apples,1988,100 g/ha,169715,E,Estimated value
Production,Apples,1988,t,500660,A,Official figure
Area harvested,Apples,1989,ha,31570,A,Official figure
Yield,Apples,1989,100 g/ha,169981,A,Official figure
Production,Apples,1989,t,536630,A,Official figure
Area harvested,Apples,1990,ha,32887,A,Official figure
Yield,Apples,1990,100 g/ha,164579,A,Official figure
Production,Apples,1990,t,541250,A,Official figure
Area harvested,Apples,1991,ha,32812,A,Official figure
Yield,Apples,1991,100 g/ha,157117,A,Official figure
Production,Apples,1991,t,515531,A,Official figure
Area harvested,Apples,1992,ha,32145,A,Official figure
Yield,Apples,1992,100 g/ha,175477,A,Official figure
Production,Apples,1992,t,564071,A,Official figure
Area harvested,Apples,1993,ha,32777,A,Official figure
Yield,Apples,1993,100 g/ha,147521,A,Official figure
Production,Apples,1993,t,483529,A,Official figure
Area harvested,Apples,1994,ha,33286,A,Official figure
Yield,Apples,1994,100 g/ha,166355,A,Official figure
Production,Apples,1994,t,553729,A,Official figure
Area harvested,Apples,1995,ha,31369,A,Official figure
Yield,Apples,1995,100 g/ha,190922,A,Official figure
Production,Apples,1995,t,598902,A,Official figure
Area harvested,Apples,1996,ha,29359,A,Official figure
Yield,Apples,1996,100 g/ha,174728,A,Official figure
Production,Apples,1996,t,512984,A,Official figure
Area harvested,Apples,1997,ha,27832,A,Official figure
Yield,Apples,1997,100 g/ha,180932,A,Official figure
Production,Apples,1997,t,503570,A,Official figure
Area harvested,Apples,1998,ha,26934,A,Official figure
Yield,Apples,1998,100 g/ha,193204,A,Official figure
Production,Apples,1998,t,520375,A,Official figure
Area harvested,Apples,1999,ha,26165,A,Official figure
Yield,Apples,1999,100 g/ha,237490,A,Official figure
Production,Apples,1999,t,621392,A,Official figure
Area harvested,Apples,2000,ha,24277,A,Official figure
Yield,Apples,2000,100 g/ha,218419,A,Official figure
Production,Apples,2000,t,530256,A,Official figure
Area harvested,Apples,2001,ha,22531,A,Official figure
Yield,Apples,2001,100 g/ha,216806,A,Official figure
Production,Apples,2001,t,488485,A,Official figure
Area harvested,Apples,2002,ha,20139,A,Official figure
Yield,Apples,2002,100 g/ha,174927,A,Official figure
Production,Apples,2002,t,352285,A,Official figure
Area harvested,Apples,2003,ha,20710,A,Official figure
Yield,Apples,2003,100 g/ha,194310,A,Official figure
Production,Apples,2003,t,402416,A,Official figure
Area harvested,Apples,2004,ha,19965,A,Official figure
Yield,Apples,2004,100 g/ha,193487,A,Official figure
Production,Apples,2004,t,386297,A,Official figure
Area harvested,Apples,2005,ha,19614,A,Official figure
Yield,Apples,2005,100 g/ha,211301,A,Official figure
Production,Apples,2005,t,414445,A,Official figure
Area harvested,Apples,2006,ha,19861,A,Official figure
Yield,Apples,2006,100 g/ha,202796,A,Official figure
Production,Apples,2006,t,402773,A,Official figure
Area harvested,Apples,2007,ha,18312,A,Official figure
Yield,Apples,2007,100 g/ha,243757,A,Official figure
Production,Apples,2007,t,446367,A,Official figure
Area harvested,Apples,2008,ha,17808,A,Official figure
Yield,Apples,2008,100 g/ha,239700,A,Official figure
Production,Apples,2008,t,426858,A,Official figure
Area harvested,Apples,2009,ha,17147,A,Official figure
Yield,Apples,2009,100 g/ha,253975,A,Official figure
Production,Apples,2009,t,435491,A,Official figure
Area harvested,Apples,2010,ha,16245,A,Official figure
Yield,Apples,2010,100 g/ha,228393,A,Official figure
Production,Apples,2010,t,371025,A,Official figure
Area harvested,Apples,2011,ha,16534,A,Official figure
Yield,Apples,2011,100 g/ha,254084,A,Official figure
Production,Apples,2011,t,420102,A,Official figure
Area harvested,Apples,2012,ha,15958,A,Official figure
Yield,Apples,2012,100 g/ha,177194,A,Official figure
Production,Apples,2012,t,282766,A,Official figure
Area harvested,Apples,2013,ha,16038,A,Official figure
Yield,Apples,2013,100 g/ha,266368,A,Official figure
Production,Apples,2013,t,427201,A,Official figure
Area harvested,Apples,2014,ha,15874,A,Official figure
Yield,Apples,2014,100 g/ha,258183,A,Official figure
Production,Apples,2014,t,409839,A,Official figure
Area harvested,Apples,2015,ha,15737,A,Official figure
Yield,Apples,2015,100 g/ha,221458,A,Official figure
Production,Apples,2015,t,348508,A,Official figure
Area harvested,Apples,2016,ha,15873,A,Official figure
Yield,Apples,2016,100 g/ha,263333,A,Official figure
Production,Apples,2016,t,417989,A,Official figure
Area harvested,Apples,2017,ha,15612,A,Official figure
Yield,Apples,2017,100 g/ha,257547,A,Official figure
Production,Apples,2017,t,402082,A,Official figure
Area harvested,Apples,2018,ha,15740,A,Official figure
Yield,Apples,2018,100 g/ha,256022,A,Official figure
Production,Apples,2018,t,402978,A,Official figure
Area harvested,Apples,2019,ha,15329,A,Official figure
Yield,Apples,2019,100 g/ha,249704,A,Official figure
Production,Apples,2019,t,382771,A,Official figure
Area harvested,Apples,2020,ha,15289,A,Official figure
Yield,Apples,2020,100 g/ha,255739,A,Official figure
Production,Apples,2020,t,390999,A,Official figure
Area harvested,Apples,2021,ha,15493,A,Official figure
Yield,Apples,2021,100 g/ha,226919,A,Official figure
Production,Apples,2021,t,351565,A,Official figure
Area harvested,Apples,2022,ha,15376,A,Official figure
Yield,Apples,2022,100 g/ha,247510,A,Official figure
Production,Apples,2022,t,380571,A,Official figure
Area harvested,Barley,1961,ha,2237476,A,Official figure
Yield,Barley,1961,100 g/ha,10961,A,Official figure
Production,Barley,1961,t,2452398,A,Official figure
Area harvested,Barley,1962,ha,2139462,A,Official figure
Yield,Barley,1962,100 g/ha,16880,A,Official figure
Production,Barley,1962,t,3611322,A,Official figure
Area harvested,Barley,1963,ha,2499800,A,Official figure
Yield,Barley,1963,100 g/ha,19268,A,Official figure
Production,Barley,1963,t,4816728,A,Official figure
Area harvested,Barley,1964,ha,2223514,A,Official figure
Yield,Barley,1964,100 g/ha,16495,A,Official figure
Production,Barley,1964,t,3667776,A,Official figure
Area harvested,Barley,1965,ha,2477127,A,Official figure
Yield,Barley,1965,100 g/ha,19187,A,Official figure
Production,Barley,1965,t,4752828,A,Official figure
Area harvested,Barley,1966,ha,3019439,A,Official figure
Yield,Barley,1966,100 g/ha,21721,A,Official figure
Production,Barley,1966,t,6558488,A,Official figure
Area harvested,Barley,1967,ha,3286528,A,Official figure
Yield,Barley,1967,100 g/ha,16751,A,Official figure
Production,Barley,1967,t,5505420,A,Official figure
Area harvested,Barley,1968,ha,3583199,A,Official figure
Yield,Barley,1968,100 g/ha,19811,A,Official figure
Production,Barley,1968,t,7098652,A,Official figure
Area harvested,Barley,1969,ha,3787117,A,Official figure
Yield,Barley,1969,100 g/ha,21345,A,Official figure
Production,Barley,1969,t,8083682,A,Official figure
Area harvested,Barley,1970,ha,4003863,A,Official figure
Yield,Barley,1970,100 g/ha,22202,A,Official figure
Production,Barley,1970,t,8889225,A,Official figure
Area harvested,Barley,1971,ha,5657629,A,Official figure
Yield,Barley,1971,100 g/ha,23152,A,Official figure
Production,Barley,1971,t,13098645,A,Official figure
Area harvested,Barley,1972,ha,5062102,A,Official figure
Yield,Barley,1972,100 g/ha,22293,A,Official figure
Production,Barley,1972,t,11284776,A,Official figure
Area harvested,Barley,1973,ha,4839244,A,Official figure
Yield,Barley,1973,100 g/ha,21126,A,Official figure
Production,Barley,1973,t,10223478,A,Official figure
Area harvested,Barley,1974,ha,4775020,A,Official figure
Yield,Barley,1974,100 g/ha,18409,A,Official figure
Production,Barley,1974,t,8790300,A,Official figure
Area harvested,Barley,1975,ha,4462500,A,Official figure
Yield,Barley,1975,100 g/ha,21311,A,Official figure
Production,Barley,1975,t,9510000,A,Official figure
Area harvested,Barley,1976,ha,4353386,A,Official figure
Yield,Barley,1976,100 g/ha,24149,A,Official figure
Production,Barley,1976,t,10512959,A,Official figure
Area harvested,Barley,1977,ha,4751800,A,Official figure
Yield,Barley,1977,100 g/ha,24836,A,Official figure
Production,Barley,1977,t,11801500,A,Official figure
Area harvested,Barley,1978,ha,4265700,A,Official figure
Yield,Barley,1978,100 g/ha,24376,A,Official figure
Production,Barley,1978,t,10398000,A,Official figure
Area harvested,Barley,1979,ha,3729500,A,Official figure
Yield,Barley,1979,100 g/ha,22733,A,Official figure
Production,Barley,1979,t,8478200,A,Official figure
Area harvested,Barley,1980,ha,4687200,A,Official figure
Yield,Barley,1980,100 g/ha,24309,A,Official figure
Production,Barley,1980,t,11394300,A,Official figure
Area harvested,Barley,1981,ha,5475800,A,Official figure
Yield,Barley,1981,100 g/ha,25063,A,Official figure
Production,Barley,1981,t,13724000,A,Official figure
Area harvested,Barley,1982,ha,5148800,A,Official figure
Yield,Barley,1982,100 g/ha,27124,A,Official figure
Production,Barley,1982,t,13965600,A,Official figure
Area harvested,Barley,1983,ha,4332800,A,Official figure
Yield,Barley,1983,100 g/ha,23562,A,Official figure
Production,Barley,1983,t,10209000,A,Official figure
Area harvested,Barley,1984,ha,4557000,A,Official figure
Yield,Barley,1984,100 g/ha,22594,A,Official figure
Production,Barley,1984,t,10296000,A,Official figure
Area harvested,Barley,1985,ha,4750300,A,Official figure
Yield,Barley,1985,100 g/ha,26076,A,Official figure
Production,Barley,1985,t,12387000,A,Official figure
Area harvested,Barley,1986,ha,4828700,A,Official figure
Yield,Barley,1986,100 g/ha,30170,A,Official figure
Production,Barley,1986,t,14568000,A,Official figure
Area harvested,Barley,1987,ha,5004200,A,Official figure
Yield,Barley,1987,100 g/ha,27891,A,Official figure
Production,Barley,1987,t,13957000,A,Official figure
Area harvested,Barley,1988,ha,4152400,A,Official figure
Yield,Barley,1988,100 g/ha,24603,A,Official figure
Production,Barley,1988,t,10216000,A,Official figure
Area harvested,Barley,1989,ha,4727000,A,Official figure
Yield,Barley,1989,100 g/ha,24929,A,Official figure
Production,Barley,1989,t,11784000,A,Official figure
Area harvested,Barley,1990,ha,4528700,A,Official figure
Yield,Barley,1990,100 g/ha,29680,A,Official figure
Production,Barley,1990,t,13441400,A,Official figure
Area harvested,Barley,1991,ha,4216800,A,Official figure
Yield,Barley,1991,100 g/ha,27549,A,Official figure
Production,Barley,1991,t,11617000,A,Official figure
Area harvested,Barley,1992,ha,3792200,A,Official figure
Yield,Barley,1992,100 g/ha,29090,A,Official figure
Production,Barley,1992,t,11031500,A,Official figure
Area harvested,Barley,1993,ha,4159000,A,Official figure
Yield,Barley,1993,100 g/ha,31190,A,Official figure
Production,Barley,1993,t,12972100,A,Official figure
Area harvested,Barley,1994,ha,4093000,A,Official figure
Yield,Barley,1994,100 g/ha,28566,A,Official figure
Production,Barley,1994,t,11692000,A,Official figure
Area harvested,Barley,1995,ha,4363300,A,Official figure
Yield,Barley,1995,100 g/ha,29868,A,Official figure
Production,Barley,1995,t,13032500,A,Official figure
Area harvested,Barley,1996,ha,4887800,A,Official figure
Yield,Barley,1996,100 g/ha,31838,A,Official figure
Production,Barley,1996,t,15562000,A,Official figure
Area harvested,Barley,1997,ha,4702000,A,Official figure
Yield,Barley,1997,100 g/ha,28783,A,Official figure
Production,Barley,1997,t,13533900,A,Official figure
Area harvested,Barley,1998,ha,4272100,A,Official figure
Yield,Barley,1998,100 g/ha,29748,A,Official figure
Production,Barley,1998,t,12708700,A,Official figure
Area harvested,Barley,1999,ha,4069300,A,Official figure
Yield,Barley,1999,100 g/ha,32428,A,Official figure
Production,Barley,1999,t,13196000,A,Official figure
Area harvested,Barley,2000,ha,4468100,A,Official figure
Yield,Barley,2000,100 g/ha,29607,A,Official figure
Production,Barley,2000,t,13228600,A,Official figure
Area harvested,Barley,2001,ha,4149500,A,Official figure
Yield,Barley,2001,100 g/ha,26137,A,Official figure
Production,Barley,2001,t,10845600,A,Official figure
Area harvested,Barley,2002,ha,3341800,A,Official figure
Yield,Barley,2002,100 g/ha,22346,A,Official figure
Production,Barley,2002,t,7467700,A,Official figure
Area harvested,Barley,2003,ha,4397100,A,Official figure
Yield,Barley,2003,100 g/ha,27664,A,Official figure
Production,Barley,2003,t,12164200,A,Official figure
Area harvested,Barley,2004,ha,3840700,A,Official figure
Yield,Barley,2004,100 g/ha,32694,A,Official figure
Production,Barley,2004,t,12556700,A,Official figure
Area harvested,Barley,2005,ha,3634000,A,Official figure
Yield,Barley,2005,100 g/ha,32134,A,Official figure
Production,Barley,2005,t,11677600,A,Official figure
Area harvested,Barley,2006,ha,3222900,A,Official figure
Yield,Barley,2006,100 g/ha,29703,A,Official figure
Production,Barley,2006,t,9573100,A,Official figure
Area harvested,Barley,2007,ha,3963300,A,Official figure
Yield,Barley,2007,100 g/ha,27527,A,Official figure
Production,Barley,2007,t,10909800,A,Official figure
Area harvested,Barley,2008,ha,3503600,A,Official figure
Yield,Barley,2008,100 g/ha,33639,A,Official figure
Production,Barley,2008,t,11785800,A,Official figure
Area harvested,Barley,2009,ha,2921600,A,Official figure
Yield,Barley,2009,100 g/ha,32613,A,Official figure
Production,Barley,2009,t,9528200,A,Official figure
Area harvested,Barley,2010,ha,2394100,A,Official figure
Yield,Barley,2010,100 g/ha,31858,A,Official figure
Production,Barley,2010,t,7627200,A,Official figure
Area harvested,Barley,2011,ha,2401500,A,Official figure
Yield,Barley,2011,100 g/ha,32861,A,Official figure
Production,Barley,2011,t,7891500,A,Official figure
Area harvested,Barley,2012,ha,2764700,A,Official figure
Yield,Barley,2012,100 g/ha,28981,A,Official figure
Production,Barley,2012,t,8012300,A,Official figure
Area harvested,Barley,2013,ha,2687400,A,Official figure
Yield,Barley,2013,100 g/ha,38259,A,Official figure
Production,Barley,2013,t,10281600,A,Official figure
Area harvested,Barley,2014,ha,2167200,A,Official figure
Yield,Barley,2014,100 g/ha,32839,A,Official figure
Production,Barley,2014,t,7116800,A,Official figure
Area harvested,Barley,2015,ha,2352300,A,Official figure
Yield,Barley,2015,100 g/ha,35100,A,Official figure
Production,Barley,2015,t,8256600,A,Official figure
Area harvested,Barley,2016,ha,2265700,A,Official figure
Yield,Barley,2016,100 g/ha,39014,A,Official figure
Production,Barley,2016,t,8839400,A,Official figure
Area harvested,Barley,2017,ha,2113500,A,Official figure
Yield,Barley,2017,100 g/ha,37338,A,Official figure
Production,Barley,2017,t,7891300,A,Official figure
Area harvested,Barley,2018,ha,2395200,A,Official figure
Yield,Barley,2018,100 g/ha,34985,A,Official figure
Production,Barley,2018,t,8379700,A,Official figure
Area harvested,Barley,2019,ha,2727500,A,Official figure
Yield,Barley,2019,100 g/ha,38066,A,Official figure
Production,Barley,2019,t,10382600,A,Official figure
Area harvested,Barley,2020,ha,2808700,A,Official figure
Yield,Barley,2020,100 g/ha,38240,A,Official figure
Production,Barley,2020,t,10740600,A,Official figure
Area harvested,Barley,2021,ha,3011100,A,Official figure
Yield,Barley,2021,100 g/ha,22743,A,Official figure
Production,Barley,2021,t,6848137,A,Official figure
Area harvested,Barley,2022,ha,2635700,A,Official figure
Yield,Barley,2022,100 g/ha,37890,A,Official figure
Production,Barley,2022,t,9986681,A,Official figure
Area harvested,Maize (corn),1961,ha,161912,A,Official figure
Yield,Maize (corn),1961,100 g/ha,45822,A,Official figure
Production,Maize (corn),1961,t,741912,A,Official figure
Area harvested,Maize (corn),1962,ha,177776,A,Official figure
Yield,Maize (corn),1962,100 g/ha,47721,A,Official figure
Production,Maize (corn),1962,t,848368,A,Official figure
Area harvested,Maize (corn),1963,ha,223586,A,Official figure
Yield,Maize (corn),1963,100 g/ha,41108,A,Official figure
Production,Maize (corn),1963,t,919110,A,Official figure
Area harvested,Maize (corn),1964,ha,265065,A,Official figure
Yield,Maize (corn),1964,100 g/ha,50636,A,Official figure
Production,Maize (corn),1964,t,1342189,A,Official figure
Area harvested,Maize (corn),1965,ha,301891,A,Official figure
Yield,Maize (corn),1965,100 g/ha,50061,A,Official figure
Production,Maize (corn),1965,t,1511309,A,Official figure
Area harvested,Maize (corn),1966,ha,326415,A,Official figure
Yield,Maize (corn),1966,100 g/ha,51615,A,Official figure
Production,Maize (corn),1966,t,1684798,A,Official figure
Area harvested,Maize (corn),1967,ha,354540,A,Official figure
Yield,Maize (corn),1967,100 g/ha,53110,A,Official figure
Production,Maize (corn),1967,t,1882976,A,Official figure
Area harvested,Maize (corn),1968,ha,390233,A,Official figure
Yield,Maize (corn),1968,100 g/ha,53209,A,Official figure
Production,Maize (corn),1968,t,2076379,A,Official figure
Area harvested,Maize (corn),1969,ha,399500,A,Official figure
Yield,Maize (corn),1969,100 g/ha,47131,A,Official figure
Production,Maize (corn),1969,t,1882875,A,Official figure
Area harvested,Maize (corn),1970,ha,499294,A,Official figure
Yield,Maize (corn),1970,100 g/ha,52748,A,Official figure
Production,Maize (corn),1970,t,2633677,A,Official figure
Area harvested,Maize (corn),1971,ha,570639,A,Official figure
Yield,Maize (corn),1971,100 g/ha,51625,A,Official figure
Production,Maize (corn),1971,t,2945932,A,Official figure
Area harvested,Maize (corn),1972,ha,537010,A,Official figure
Yield,Maize (corn),1972,100 g/ha,47082,A,Official figure
Production,Maize (corn),1972,t,2528365,A,Official figure
Area harvested,Maize (corn),1973,ha,530131,A,Official figure
Yield,Maize (corn),1973,100 g/ha,52881,A,Official figure
Production,Maize (corn),1973,t,2803381,A,Official figure
Area harvested,Maize (corn),1974,ha,590833,A,Official figure
Yield,Maize (corn),1974,100 g/ha,44339,A,Official figure
Production,Maize (corn),1974,t,2619700,A,Official figure
Area harvested,Maize (corn),1975,ha,634943,A,Official figure
Yield,Maize (corn),1975,100 g/ha,57405,A,Official figure
Production,Maize (corn),1975,t,3644866,A,Official figure
Area harvested,Maize (corn),1976,ha,709000,A,Official figure
Yield,Maize (corn),1976,100 g/ha,53025,A,Official figure
Production,Maize (corn),1976,t,3759500,A,Official figure
Area harvested,Maize (corn),1977,ha,736100,A,Official figure
Yield,Maize (corn),1977,100 g/ha,57729,A,Official figure
Production,Maize (corn),1977,t,4249400,A,Official figure
Area harvested,Maize (corn),1978,ha,851850,A,Official figure
Yield,Maize (corn),1978,100 g/ha,52586,A,Official figure
Production,Maize (corn),1978,t,4479500,A,Official figure
Area harvested,Maize (corn),1979,ha,952600,A,Official figure
Yield,Maize (corn),1979,100 g/ha,55386,A,Official figure
Production,Maize (corn),1979,t,5276100,A,Official figure
Area harvested,Maize (corn),1980,ha,1022200,A,Official figure
Yield,Maize (corn),1980,100 g/ha,56283,A,Official figure
Production,Maize (corn),1980,t,5753200,A,Official figure
Area harvested,Maize (corn),1981,ha,1140900,A,Official figure
Yield,Maize (corn),1981,100 g/ha,58573,A,Official figure
Production,Maize (corn),1981,t,6682600,A,Official figure
Area harvested,Maize (corn),1982,ha,1109000,A,Official figure
Yield,Maize (corn),1982,100 g/ha,58812,A,Official figure
Production,Maize (corn),1982,t,6522300,A,Official figure
Area harvested,Maize (corn),1983,ha,1074900,A,Official figure
Yield,Maize (corn),1983,100 g/ha,55177,A,Official figure
Production,Maize (corn),1983,t,5931000,A,Official figure
Area harvested,Maize (corn),1984,ha,1149300,A,Official figure
Yield,Maize (corn),1984,100 g/ha,58971,A,Official figure
Production,Maize (corn),1984,t,6777500,A,Official figure
Area harvested,Maize (corn),1985,ha,1123400,A,Official figure
Yield,Maize (corn),1985,100 g/ha,62043,A,Official figure
Production,Maize (corn),1985,t,6969900,A,Official figure
Area harvested,Maize (corn),1986,ha,993800,A,Official figure
Yield,Maize (corn),1986,100 g/ha,59484,A,Official figure
Production,Maize (corn),1986,t,5911500,A,Official figure
Area harvested,Maize (corn),1987,ha,999300,A,Official figure
Yield,Maize (corn),1987,100 g/ha,70197,A,Official figure
Production,Maize (corn),1987,t,7014800,A,Official figure
Area harvested,Maize (corn),1988,ha,981400,A,Official figure
Yield,Maize (corn),1988,100 g/ha,54710,A,Official figure
Production,Maize (corn),1988,t,5369200,A,Official figure
Area harvested,Maize (corn),1989,ha,1034600,A,Official figure
Yield,Maize (corn),1989,100 g/ha,63512,A,Official figure
Production,Maize (corn),1989,t,6571000,A,Official figure
Area harvested,Maize (corn),1990,ha,1030000,A,Official figure
Yield,Maize (corn),1990,100 g/ha,68602,A,Official figure
Production,Maize (corn),1990,t,7066000,A,Official figure
Area harvested,Maize (corn),1991,ha,1104800,A,Official figure
Yield,Maize (corn),1991,100 g/ha,67098,A,Official figure
Production,Maize (corn),1991,t,7413000,A,Official figure
Area harvested,Maize (corn),1992,ha,857700,A,Official figure
Yield,Maize (corn),1992,100 g/ha,56927,A,Official figure
Production,Maize (corn),1992,t,4882600,A,Official figure
Area harvested,Maize (corn),1993,ha,1012000,A,Official figure
Yield,Maize (corn),1993,100 g/ha,64241,A,Official figure
Production,Maize (corn),1993,t,6501200,A,Official figure
Area harvested,Maize (corn),1994,ha,955000,A,Official figure
Yield,Maize (corn),1994,100 g/ha,73748,A,Official figure
Production,Maize (corn),1994,t,7042900,A,Official figure
Area harvested,Maize (corn),1995,ha,1002500,A,Official figure
Yield,Maize (corn),1995,100 g/ha,72528,A,Official figure
Production,Maize (corn),1995,t,7270900,A,Official figure
Area harvested,Maize (corn),1996,ha,1090000,A,Official figure
Yield,Maize (corn),1996,100 g/ha,69141,A,Official figure
Production,Maize (corn),1996,t,7536400,A,Official figure
Area harvested,Maize (corn),1997,ha,1045100,A,Official figure
Yield,Maize (corn),1997,100 g/ha,68702,A,Official figure
Production,Maize (corn),1997,t,7180000,A,Official figure
Area harvested,Maize (corn),1998,ha,1118300,A,Official figure
Yield,Maize (corn),1998,100 g/ha,80054,A,Official figure
Production,Maize (corn),1998,t,8952400,A,Official figure
Area harvested,Maize (corn),1999,ha,1148800,A,Official figure
Yield,Maize (corn),1999,100 g/ha,79747,A,Official figure
Production,Maize (corn),1999,t,9161300,A,Official figure
Area harvested,Maize (corn),2000,ha,1106500,A,Official figure
Yield,Maize (corn),2000,100 g/ha,62844,A,Official figure
Production,Maize (corn),2000,t,6953700,A,Official figure
Area harvested,Maize (corn),2001,ha,1267500,A,Official figure
Yield,Maize (corn),2001,100 g/ha,66187,A,Official figure
Production,Maize (corn),2001,t,8389200,A,Official figure
Area harvested,Maize (corn),2002,ha,1283200,A,Official figure
Yield,Maize (corn),2002,100 g/ha,70128,A,Official figure
Production,Maize (corn),2002,t,8998800,A,Official figure
Area harvested,Maize (corn),2003,ha,1226100,A,Official figure
Yield,Maize (corn),2003,100 g/ha,78193,A,Official figure
Production,Maize (corn),2003,t,9587300,A,Official figure
Area harvested,Maize (corn),2004,ha,1072300,A,Official figure
Yield,Maize (corn),2004,100 g/ha,82410,A,Official figure
Production,Maize (corn),2004,t,8836800,A,Official figure
Area harvested,Maize (corn),2005,ha,1084700,A,Official figure
Yield,Maize (corn),2005,100 g/ha,86035,A,Official figure
Production,Maize (corn),2005,t,9332200,A,Official figure
Area harvested,Maize (corn),2006,ha,1060900,A,Official figure
Yield,Maize (corn),2006,100 g/ha,84737,A,Official figure
Production,Maize (corn),2006,t,8989800,A,Official figure
Area harvested,Maize (corn),2007,ha,1368700,A,Official figure
Yield,Maize (corn),2007,100 g/ha,85108,A,Official figure
Production,Maize (corn),2007,t,11648700,A,Official figure
Area harvested,Maize (corn),2008,ha,1168800,A,Official figure
Yield,Maize (corn),2008,100 g/ha,90623,A,Official figure
Production,Maize (corn),2008,t,10592000,A,Official figure
Area harvested,Maize (corn),2009,ha,1142000,A,Official figure
Yield,Maize (corn),2009,100 g/ha,83723,A,Official figure
Production,Maize (corn),2009,t,9561200,A,Official figure
Area harvested,Maize (corn),2010,ha,1235100,A,Official figure
Yield,Maize (corn),2010,100 g/ha,97509,A,Official figure
Production,Maize (corn),2010,t,12043300,A,Official figure
Area harvested,Maize (corn),2011,ha,1271800,A,Official figure
Yield,Maize (corn),2011,100 g/ha,89312,A,Official figure
Production,Maize (corn),2011,t,11358700,A,Official figure
Area harvested,Maize (corn),2012,ha,1426100,A,Official figure
Yield,Maize (corn),2012,100 g/ha,91579,A,Official figure
Production,Maize (corn),2012,t,13060100,A,Official figure
Area harvested,Maize (corn),2013,ha,1486700,A,Official figure
Yield,Maize (corn),2013,100 g/ha,95451,A,Official figure
Production,Maize (corn),2013,t,14190700,A,Official figure
Area harvested,Maize (corn),2014,ha,1248800,A,Official figure
Yield,Maize (corn),2014,100 g/ha,92940,A,Official figure
Production,Maize (corn),2014,t,11606400,A,Official figure
Area harvested,Maize (corn),2015,ha,1340400,A,Official figure
Yield,Maize (corn),2015,100 g/ha,102055,A,Official figure
Production,Maize (corn),2015,t,13679500,A,Official figure
Area harvested,Maize (corn),2016,ha,1413500,A,Official figure
Yield,Maize (corn),2016,100 g/ha,98260,A,Official figure
Production,Maize (corn),2016,t,13889000,A,Official figure
Area harvested,Maize (corn),2017,ha,1406200,A,Official figure
Yield,Maize (corn),2017,100 g/ha,100238,A,Official figure
Production,Maize (corn),2017,t,14095500,A,Official figure
Area harvested,Maize (corn),2018,ha,1430700,A,Official figure
Yield,Maize (corn),2018,100 g/ha,97049,A,Official figure
Production,Maize (corn),2018,t,13884800,A,Official figure
Area harvested,Maize (corn),2019,ha,1451200,A,Official figure
Yield,Maize (corn),2019,100 g/ha,92364,A,Official figure
Production,Maize (corn),2019,t,13403900,A,Official figure
Area harvested,Maize (corn),2020,ha,1408200,A,Official figure
Yield,Maize (corn),2020,100 g/ha,96317,A,Official figure
Production,Maize (corn),2020,t,13563300,A,Official figure
Area harvested,Maize (corn),2021,ha,1461700,A,Official figure
Yield,Maize (corn),2021,100 g/ha,99958,A,Official figure
Production,Maize (corn),2021,t,14610792,A,Official figure
Area harvested,Maize (corn),2022,ha,1443900,A,Official figure
Yield,Maize (corn),2022,100 g/ha,100692,A,Official figure
Production,Maize (corn),2022,t,14538878,A,Official figure
Area harvested,Peaches and nectarines,1961,ha,7680,E,Estimated value
Yield,Peaches and nectarines,1961,100 g/ha,90807,E,Estimated value
Production,Peaches and nectarines,1961,t,69740,A,Official figure
Area harvested,Peaches and nectarines,1962,ha,5640,E,Estimated value
Yield,Peaches and nectarines,1962,100 g/ha,90723,E,Estimated value
Production,Peaches and nectarines,1962,t,51168,A,Official figure
Area harvested,Peaches and nectarines,1963,ha,5930,E,Estimated value
Yield,Peaches and nectarines,1963,100 g/ha,90757,E,Estimated value
Production,Peaches and nectarines,1963,t,53819,A,Official figure
Area harvested,Peaches and nectarines,1964,ha,7150,E,Estimated value
Yield,Peaches and nectarines,1964,100 g/ha,90780,E,Estimated value
Production,Peaches and nectarines,1964,t,64908,A,Official figure
Area harvested,Peaches and nectarines,1965,ha,4000,E,Estimated value
Yield,Peaches and nectarines,1965,100 g/ha,91058,E,Estimated value
Production,Peaches and nectarines,1965,t,36423,A,Official figure
Area harvested,Peaches and nectarines,1966,ha,4900,E,Estimated value
Yield,Peaches and nectarines,1966,100 g/ha,90739,E,Estimated value
Production,Peaches and nectarines,1966,t,44462,A,Official figure
Area harvested,Peaches and nectarines,1967,ha,3970,E,Estimated value
Yield,Peaches and nectarines,1967,100 g/ha,90564,E,Estimated value
Production,Peaches and nectarines,1967,t,35954,A,Official figure
Area harvested,Peaches and nectarines,1968,ha,4780,E,Estimated value
Yield,Peaches and nectarines,1968,100 g/ha,90883,E,Estimated value
Production,Peaches and nectarines,1968,t,43442,A,Official figure
Area harvested,Peaches and nectarines,1969,ha,4140,E,Estimated value
Yield,Peaches and nectarines,1969,100 g/ha,90911,E,Estimated value
Production,Peaches and nectarines,1969,t,37637,A,Official figure
Area harvested,Peaches and nectarines,1970,ha,5480,E,Estimated value
Yield,Peaches and nectarines,1970,100 g/ha,90927,E,Estimated value
Production,Peaches and nectarines,1970,t,49828,A,Official figure
Area harvested,Peaches and nectarines,1971,ha,6288,A,Official figure
Yield,Peaches and nectarines,1971,100 g/ha,90786,A,Official figure
Production,Peaches and nectarines,1971,t,57086,A,Official figure
Area harvested,Peaches and nectarines,1972,ha,4230,E,Estimated value
Yield,Peaches and nectarines,1972,100 g/ha,90766,E,Estimated value
Production,Peaches and nectarines,1972,t,38394,A,Official figure
Area harvested,Peaches and nectarines,1973,ha,4900,E,Estimated value
Yield,Peaches and nectarines,1973,100 g/ha,90884,E,Estimated value
Production,Peaches and nectarines,1973,t,44533,A,Official figure
Area harvested,Peaches and nectarines,1974,ha,5630,E,Estimated value
Yield,Peaches and nectarines,1974,100 g/ha,90726,E,Estimated value
Production,Peaches and nectarines,1974,t,51079,A,Official figure
Area harvested,Peaches and nectarines,1975,ha,6520,E,Estimated value
Yield,Peaches and nectarines,1975,100 g/ha,90790,E,Estimated value
Production,Peaches and nectarines,1975,t,59195,A,Official figure
Area harvested,Peaches and nectarines,1976,ha,5400,E,Estimated value
Yield,Peaches and nectarines,1976,100 g/ha,90757,E,Estimated value
Production,Peaches and nectarines,1976,t,49009,A,Official figure
Area harvested,Peaches and nectarines,1977,ha,4710,E,Estimated value
Yield,Peaches and nectarines,1977,100 g/ha,90858,E,Estimated value
Production,Peaches and nectarines,1977,t,42794,A,Official figure
Area harvested,Peaches and nectarines,1978,ha,4650,E,Estimated value
Yield,Peaches and nectarines,1978,100 g/ha,90744,E,Estimated value
Production,Peaches and nectarines,1978,t,42196,A,Official figure
Area harvested,Peaches and nectarines,1979,ha,3650,E,Estimated value
Yield,Peaches and nectarines,1979,100 g/ha,90712,E,Estimated value
Production,Peaches and nectarines,1979,t,33110,A,Official figure
Area harvested,Peaches and nectarines,1980,ha,4800,E,Estimated value
Yield,Peaches and nectarines,1980,100 g/ha,85306,E,Estimated value
Production,Peaches and nectarines,1980,t,40947,A,Official figure
Area harvested,Peaches and nectarines,1981,ha,3450,E,Estimated value
Yield,Peaches and nectarines,1981,100 g/ha,78991,E,Estimated value
Production,Peaches and nectarines,1981,t,27252,A,Official figure
Area harvested,Peaches and nectarines,1982,ha,4200,E,Estimated value
Yield,Peaches and nectarines,1982,100 g/ha,81564,E,Estimated value
Production,Peaches and nectarines,1982,t,34257,A,Official figure
Area harvested,Peaches and nectarines,1983,ha,4700,E,Estimated value
Yield,Peaches and nectarines,1983,100 g/ha,82594,E,Estimated value
Production,Peaches and nectarines,1983,t,38819,A,Official figure
Area harvested,Peaches and nectarines,1984,ha,3800,E,Estimated value
Yield,Peaches and nectarines,1984,100 g/ha,80450,E,Estimated value
Production,Peaches and nectarines,1984,t,30571,A,Official figure
Area harvested,Peaches and nectarines,1985,ha,5200,E,Estimated value
Yield,Peaches and nectarines,1985,100 g/ha,81162,E,Estimated value
Production,Peaches and nectarines,1985,t,42204,A,Official figure
Area harvested,Peaches and nectarines,1986,ha,3900,E,Estimated value
Yield,Peaches and nectarines,1986,100 g/ha,85128,E,Estimated value
Production,Peaches and nectarines,1986,t,33200,A,Official figure
Area harvested,Peaches and nectarines,1987,ha,5100,E,Estimated value
Yield,Peaches and nectarines,1987,100 g/ha,87971,E,Estimated value
Production,Peaches and nectarines,1987,t,44865,A,Official figure
Area harvested,Peaches and nectarines,1988,ha,4950,E,Estimated value
Yield,Peaches and nectarines,1988,100 g/ha,89063,E,Estimated value
Production,Peaches and nectarines,1988,t,44086,A,Official figure
Area harvested,Peaches and nectarines,1989,ha,4063,A,Official figure
Yield,Peaches and nectarines,1989,100 g/ha,97258,A,Official figure
Production,Peaches and nectarines,1989,t,39516,A,Official figure
Area harvested,Peaches and nectarines,1990,ha,4085,A,Official figure
Yield,Peaches and nectarines,1990,100 g/ha,114237,A,Official figure
Production,Peaches and nectarines,1990,t,46666,A,Official figure
Area harvested,Peaches and nectarines,1991,ha,4109,A,Official figure
Yield,Peaches and nectarines,1991,100 g/ha,82385,A,Official figure
Production,Peaches and nectarines,1991,t,33852,A,Official figure
Area harvested,Peaches and nectarines,1992,ha,4116,A,Official figure
Yield,Peaches and nectarines,1992,100 g/ha,97604,A,Official figure
Production,Peaches and nectarines,1992,t,40174,A,Official figure
Area harvested,Peaches and nectarines,1993,ha,4120,A,Official figure
Yield,Peaches and nectarines,1993,100 g/ha,94968,A,Official figure
Production,Peaches and nectarines,1993,t,39127,A,Official figure
Area harvested,Peaches and nectarines,1994,ha,4129,A,Official figure
Yield,Peaches and nectarines,1994,100 g/ha,106944,A,Official figure
Production,Peaches and nectarines,1994,t,44157,A,Official figure
Area harvested,Peaches and nectarines,1995,ha,4024,A,Official figure
Yield,Peaches and nectarines,1995,100 g/ha,117122,A,Official figure
Production,Peaches and nectarines,1995,t,47130,A,Official figure
Area harvested,Peaches and nectarines,1996,ha,3607,A,Official figure
Yield,Peaches and nectarines,1996,100 g/ha,113690,A,Official figure
Production,Peaches and nectarines,1996,t,41008,A,Official figure
Area harvested,Peaches and nectarines,1997,ha,3377,A,Official figure
Yield,Peaches and nectarines,1997,100 g/ha,88813,A,Official figure
Production,Peaches and nectarines,1997,t,29992,A,Official figure
Area harvested,Peaches and nectarines,1998,ha,3217,A,Official figure
Yield,Peaches and nectarines,1998,100 g/ha,104218,A,Official figure
Production,Peaches and nectarines,1998,t,33527,A,Official figure
Area harvested,Peaches and nectarines,1999,ha,3102,A,Official figure
Yield,Peaches and nectarines,1999,100 g/ha,102592,A,Official figure
Production,Peaches and nectarines,1999,t,31824,A,Official figure
Area harvested,Peaches and nectarines,2000,ha,3072,A,Official figure
Yield,Peaches and nectarines,2000,100 g/ha,105234,A,Official figure
Production,Peaches and nectarines,2000,t,32328,A,Official figure
Area harvested,Peaches and nectarines,2001,ha,3161,A,Official figure
Yield,Peaches and nectarines,2001,100 g/ha,107757,A,Official figure
Production,Peaches and nectarines,2001,t,34062,A,Official figure
Area harvested,Peaches and nectarines,2002,ha,3088,A,Official figure
Yield,Peaches and nectarines,2002,100 g/ha,107273,A,Official figure
Production,Peaches and nectarines,2002,t,33126,A,Official figure
Area harvested,Peaches and nectarines,2003,ha,3275,A,Official figure
Yield,Peaches and nectarines,2003,100 g/ha,108412,A,Official figure
Production,Peaches and nectarines,2003,t,35505,A,Official figure
Area harvested,Peaches and nectarines,2004,ha,3197,A,Official figure
Yield,Peaches and nectarines,2004,100 g/ha,105624,A,Official figure
Production,Peaches and nectarines,2004,t,33768,A,Official figure
Area harvested,Peaches and nectarines,2005,ha,2831,A,Official figure
Yield,Peaches and nectarines,2005,100 g/ha,89996,A,Official figure
Production,Peaches and nectarines,2005,t,25478,A,Official figure
Area harvested,Peaches and nectarines,2006,ha,3031,A,Official figure
Yield,Peaches and nectarines,2006,100 g/ha,103415,A,Official figure
Production,Peaches and nectarines,2006,t,31345,A,Official figure
Area harvested,Peaches and nectarines,2007,ha,3257,A,Official figure
Yield,Peaches and nectarines,2007,100 g/ha,113058,A,Official figure
Production,Peaches and nectarines,2007,t,36823,A,Official figure
Area harvested,Peaches and nectarines,2008,ha,3170,A,Official figure
Yield,Peaches and nectarines,2008,100 g/ha,90972,A,Official figure
Production,Peaches and nectarines,2008,t,28838,A,Official figure
Area harvested,Peaches and nectarines,2009,ha,2413,A,Official figure
Yield,Peaches and nectarines,2009,100 g/ha,107128,A,Official figure
Production,Peaches and nectarines,2009,t,25850,A,Official figure
Area harvested,Peaches and nectarines,2010,ha,2553,A,Official figure
Yield,Peaches and nectarines,2010,100 g/ha,100541,A,Official figure
Production,Peaches and nectarines,2010,t,25668,A,Official figure
Area harvested,Peaches and nectarines,2011,ha,3014,A,Official figure
Yield,Peaches and nectarines,2011,100 g/ha,90816,A,Official figure
Production,Peaches and nectarines,2011,t,27372,A,Official figure
Area harvested,Peaches and nectarines,2012,ha,2930,A,Official figure
Yield,Peaches and nectarines,2012,100 g/ha,83321,A,Official figure
Production,Peaches and nectarines,2012,t,24413,A,Official figure
Area harvested,Peaches and nectarines,2013,ha,2876,A,Official figure
Yield,Peaches and nectarines,2013,100 g/ha,95038,A,Official figure
Production,Peaches and nectarines,2013,t,27333,A,Official figure
Area harvested,Peaches and nectarines,2014,ha,2838,A,Official figure
Yield,Peaches and nectarines,2014,100 g/ha,95853,A,Official figure
Production,Peaches and nectarines,2014,t,27203,A,Official figure
Area harvested,Peaches and nectarines,2015,ha,2752,A,Official figure
Yield,Peaches and nectarines,2015,100 g/ha,103641,A,Official figure
Production,Peaches and nectarines,2015,t,28522,A,Official figure
Area harvested,Peaches and nectarines,2016,ha,2674,A,Official figure
Yield,Peaches and nectarines,2016,100 g/ha,97951,A,Official figure
Production,Peaches and nectarines,2016,t,26192,A,Official figure
Area harvested,Peaches and nectarines,2017,ha,2551,A,Official figure
Yield,Peaches and nectarines,2017,100 g/ha,100674,A,Official figure
Production,Peaches and nectarines,2017,t,25682,A,Official figure
Area harvested,Peaches and nectarines,2018,ha,2555,A,Official figure
Yield,Peaches and nectarines,2018,100 g/ha,110916,A,Official figure
Production,Peaches and nectarines,2018,t,28339,A,Official figure
Area harvested,Peaches and nectarines,2019,ha,2433,A,Official figure
Yield,Peaches and nectarines,2019,100 g/ha,108085,A,Official figure
Production,Peaches and nectarines,2019,t,26297,A,Official figure
Area harvested,Peaches and nectarines,2020,ha,2338,A,Official figure
Yield,Peaches and nectarines,2020,100 g/ha,83426,A,Official figure
Production,Peaches and nectarines,2020,t,19505,A,Official figure
Area harvested,Peaches and nectarines,2021,ha,2494,A,Official figure
Yield,Peaches and nectarines,2021,100 g/ha,95148,A,Official figure
Production,Peaches and nectarines,2021,t,23730,A,Official figure
Area harvested,Peaches and nectarines,2022,ha,2499,A,Official figure
Yield,Peaches and nectarines,2022,100 g/ha,101204,A,Official figure
Production,Peaches and nectarines,2022,t,25291,A,Official figure
Area harvested,Wheat,1961,ha,10245000,A,Official figure
Yield,Wheat,1961,100 g/ha,7529,A,Official figure
Production,Wheat,1961,t,7713000,A,Official figure
Area harvested,Wheat,1962,ha,10853000,A,Official figure
Yield,Wheat,1962,100 g/ha,14183,A,Official figure
Production,Wheat,1962,t,15393000,A,Official figure
Area harvested,Wheat,1963,ha,11156000,A,Official figure
Yield,Wheat,1963,100 g/ha,17651,A,Official figure
Production,Wheat,1963,t,19691008,A,Official figure
Area harvested,Wheat,1964,ha,12018000,A,Official figure
Yield,Wheat,1964,100 g/ha,13604,A,Official figure
Production,Wheat,1964,t,16349000,A,Official figure
Area harvested,Wheat,1965,ha,11453000,A,Official figure
Yield,Wheat,1965,100 g/ha,15432,A,Official figure
Production,Wheat,1965,t,17674000,A,Official figure
Area harvested,Wheat,1966,ha,12015961,A,Official figure
Yield,Wheat,1966,100 g/ha,18739,A,Official figure
Production,Wheat,1966,t,22516832,A,Official figure
Area harvested,Wheat,1967,ha,12189285,A,Official figure
Yield,Wheat,1967,100 g/ha,13239,A,Official figure
Production,Wheat,1967,t,16136911,A,Official figure
Area harvested,Wheat,1968,ha,11907911,A,Official figure
Yield,Wheat,1968,100 g/ha,14855,A,Official figure
Production,Wheat,1968,t,17689040,A,Official figure
Area harvested,Wheat,1969,ha,10101420,A,Official figure
Yield,Wheat,1969,100 g/ha,18084,A,Official figure
Production,Wheat,1969,t,18267712,A,Official figure
Area harvested,Wheat,1970,ha,5051782,A,Official figure
Yield,Wheat,1970,100 g/ha,17864,A,Official figure
Production,Wheat,1970,t,9024254,A,Official figure
Area harvested,Wheat,1971,ha,7853503,A,Official figure
Yield,Wheat,1971,100 g/ha,18351,A,Official figure
Production,Wheat,1971,t,14412287,A,Official figure
Area harvested,Wheat,1972,ha,8639797,A,Official figure
Yield,Wheat,1972,100 g/ha,16799,A,Official figure
Production,Wheat,1972,t,14513966,A,Official figure
Area harvested,Wheat,1973,ha,9575012,A,Official figure
Yield,Wheat,1973,100 g/ha,16876,A,Official figure
Production,Wheat,1973,t,16159170,A,Official figure
Area harvested,Wheat,1974,ha,8938000,A,Official figure
Yield,Wheat,1974,100 g/ha,14884,A,Official figure
Production,Wheat,1974,t,13303500,A,Official figure
Area harvested,Wheat,1975,ha,9478739,A,Official figure
Yield,Wheat,1975,100 g/ha,18020,A,Official figure
Production,Wheat,1975,t,17080608,A,Official figure
Area harvested,Wheat,1976,ha,11251700,A,Official figure
Yield,Wheat,1976,100 g/ha,20963,A,Official figure
Production,Wheat,1976,t,23587200,A,Official figure
Area harvested,Wheat,1977,ha,10115400,A,Official figure
Yield,Wheat,1977,100 g/ha,19632,A,Official figure
Production,Wheat,1977,t,19858208,A,Official figure
Area harvested,Wheat,1978,ha,10575100,A,Official figure
Yield,Wheat,1978,100 g/ha,19987,A,Official figure
Production,Wheat,1978,t,21136800,A,Official figure
Area harvested,Wheat,1979,ha,10523100,A,Official figure
Yield,Wheat,1979,100 g/ha,16341,A,Official figure
Production,Wheat,1979,t,17196000,A,Official figure
Area harvested,Wheat,1980,ha,11208400,A,Official figure
Yield,Wheat,1980,100 g/ha,17212,A,Official figure
Production,Wheat,1980,t,19292000,A,Official figure
Area harvested,Wheat,1981,ha,12426600,A,Official figure
Yield,Wheat,1981,100 g/ha,19959,A,Official figure
Production,Wheat,1981,t,24802000,A,Official figure
Area harvested,Wheat,1982,ha,12521000,A,Official figure
Yield,Wheat,1982,100 g/ha,21336,A,Official figure
Production,Wheat,1982,t,26715008,A,Official figure
Area harvested,Wheat,1983,ha,13680500,A,Official figure
Yield,Wheat,1983,100 g/ha,19345,A,Official figure
Production,Wheat,1983,t,26465008,A,Official figure
Area harvested,Wheat,1984,ha,13160900,A,Official figure
Yield,Wheat,1984,100 g/ha,16099,A,Official figure
Production,Wheat,1984,t,21187904,A,Official figure
Area harvested,Wheat,1985,ha,13729000,A,Official figure
Yield,Wheat,1985,100 g/ha,17665,A,Official figure
Production,Wheat,1985,t,24252000,A,Official figure
Area harvested,Wheat,1986,ha,14229400,A,Official figure
Yield,Wheat,1986,100 g/ha,22052,A,Official figure
Production,Wheat,1986,t,31378000,A,Official figure
Area harvested,Wheat,1987,ha,13457700,A,Official figure
Yield,Wheat,1987,100 g/ha,19279,A,Official figure
Production,Wheat,1987,t,25945000,A,Official figure
Area harvested,Wheat,1988,ha,12944300,A,Official figure
Yield,Wheat,1988,100 g/ha,12293,A,Official figure
Production,Wheat,1988,t,15913000,A,Official figure
Area harvested,Wheat,1989,ha,13717500,A,Official figure
Yield,Wheat,1989,100 g/ha,18076,A,Official figure
Production,Wheat,1989,t,24796208,A,Official figure
Area harvested,Wheat,1990,ha,14097500,A,Official figure
Yield,Wheat,1990,100 g/ha,22769,A,Official figure
Production,Wheat,1990,t,32098000,A,Official figure
Area harvested,Wheat,1991,ha,14160900,A,Official figure
Yield,Wheat,1991,100 g/ha,22559,A,Official figure
Production,Wheat,1991,t,31945600,A,Official figure
Area harvested,Wheat,1992,ha,13830300,A,Official figure
Yield,Wheat,1992,100 g/ha,21603,A,Official figure
Production,Wheat,1992,t,29877200,A,Official figure
Area harvested,Wheat,1993,ha,12374000,A,Official figure
Yield,Wheat,1993,100 g/ha,22027,A,Official figure
Production,Wheat,1993,t,27255900,A,Official figure
Area harvested,Wheat,1994,ha,10773000,A,Official figure
Yield,Wheat,1994,100 g/ha,21275,A,Official figure
Production,Wheat,1994,t,22919500,A,Official figure
Area harvested,Wheat,1995,ha,11122700,A,Official figure
Yield,Wheat,1995,100 g/ha,22467,A,Official figure
Production,Wheat,1995,t,24989400,A,Official figure
Area harvested,Wheat,1996,ha,12262000,A,Official figure
Yield,Wheat,1996,100 g/ha,24304,A,Official figure
Production,Wheat,1996,t,29801400,A,Official figure
Area harvested,Wheat,1997,ha,11416000,A,Official figure
Yield,Wheat,1997,100 g/ha,21285,A,Official figure
Production,Wheat,1997,t,24299400,A,Official figure
Area harvested,Wheat,1998,ha,10679700,A,Official figure
Yield,Wheat,1998,100 g/ha,22550,A,Official figure
Production,Wheat,1998,t,24082300,A,Official figure
Area harvested,Wheat,1999,ha,10380800,A,Official figure
Yield,Wheat,1999,100 g/ha,25971,A,Official figure
Production,Wheat,1999,t,26959900,A,Official figure
Area harvested,Wheat,2000,ha,10854800,A,Official figure
Yield,Wheat,2000,100 g/ha,24446,A,Official figure
Production,Wheat,2000,t,26535500,A,Official figure
Area harvested,Wheat,2001,ha,10605500,A,Official figure
Yield,Wheat,2001,100 g/ha,19452,A,Official figure
Production,Wheat,2001,t,20630200,A,Official figure
Area harvested,Wheat,2002,ha,8710500,A,Official figure
Yield,Wheat,2002,100 g/ha,18324,A,Official figure
Production,Wheat,2002,t,15961300,A,Official figure
Area harvested,Wheat,2003,ha,10214500,A,Official figure
Yield,Wheat,2003,100 g/ha,22565,A,Official figure
Production,Wheat,2003,t,23048600,A,Official figure
Area harvested,Wheat,2004,ha,9388900,A,Official figure
Yield,Wheat,2004,100 g/ha,26409,A,Official figure
Production,Wheat,2004,t,24795500,A,Official figure
Area harvested,Wheat,2005,ha,9403800,A,Official figure
Yield,Wheat,2005,100 g/ha,27381,A,Official figure
Production,Wheat,2005,t,25748100,A,Official figure
Area harvested,Wheat,2006,ha,9681800,A,Official figure
Yield,Wheat,2006,100 g/ha,26096,A,Official figure
Production,Wheat,2006,t,25265400,A,Official figure
Area harvested,Wheat,2007,ha,8616100,A,Official figure
Yield,Wheat,2007,100 g/ha,23317,A,Official figure
Production,Wheat,2007,t,20090400,A,Official figure
Area harvested,Wheat,2008,ha,10015500,A,Official figure
Yield,Wheat,2008,100 g/ha,28575,A,Official figure
Production,Wheat,2008,t,28619200,A,Official figure
Area harvested,Wheat,2009,ha,9660400,A,Official figure
Yield,Wheat,2009,100 g/ha,27897,A,Official figure
Production,Wheat,2009,t,26949900,A,Official figure
Area harvested,Wheat,2010,ha,8296100,A,Official figure
Yield,Wheat,2010,100 g/ha,28085,A,Official figure
Production,Wheat,2010,t,23299600,A,Official figure
Area harvested,Wheat,2011,ha,8552500,A,Official figure
Yield,Wheat,2011,100 g/ha,29568,A,Official figure
Production,Wheat,2011,t,25288000,A,Official figure
Area harvested,Wheat,2012,ha,9479100,A,Official figure
Yield,Wheat,2012,100 g/ha,28743,A,Official figure
Production,Wheat,2012,t,27246000,A,Official figure
Area harvested,Wheat,2013,ha,10447200,A,Official figure
Yield,Wheat,2013,100 g/ha,35980,A,Official figure
Production,Wheat,2013,t,37589100,A,Official figure
Area harvested,Wheat,2014,ha,9553500,A,Official figure
Yield,Wheat,2014,100 g/ha,30818,A,Official figure
Production,Wheat,2014,t,29442100,A,Official figure
Area harvested,Wheat,2015,ha,9558300,A,Official figure
Yield,Wheat,2015,100 g/ha,28925,A,Official figure
Production,Wheat,2015,t,27647400,A,Official figure
Area harvested,Wheat,2016,ha,8976300,A,Official figure
Yield,Wheat,2016,100 g/ha,35805,A,Official figure
Production,Wheat,2016,t,32139900,A,Official figure
Area harvested,Wheat,2017,ha,8983300,A,Official figure
Yield,Wheat,2017,100 g/ha,33815,A,Official figure
Production,Wheat,2017,t,30377235,A,Official figure
Area harvested,Wheat,2018,ha,9880800,A,Official figure
Yield,Wheat,2018,100 g/ha,32742,A,Official figure
Production,Wheat,2018,t,32351900,A,Official figure
Area harvested,Wheat,2019,ha,9655800,A,Official figure
Yield,Wheat,2019,100 g/ha,33834,A,Official figure
Production,Wheat,2019,t,32669800,A,Official figure
Area harvested,Wheat,2020,ha,10017800,A,Official figure
Yield,Wheat,2020,100 g/ha,35374,A,Official figure
Production,Wheat,2020,t,35437200,A,Official figure
Area harvested,Wheat,2021,ha,9198900,A,Official figure
Yield,Wheat,2021,100 g/ha,24375,A,Official figure
Production,Wheat,2021,t,22422100,A,Official figure
Area harvested,Wheat,2022,ha,10081900,A,Official figure
Yield,Wheat,2022,100 g/ha,34056,A,Official figure
Production,Wheat,2022,t,34334787,A,Official figure
Production,Wine,1961,t,21827.4,I,Imputed value
Production,Wine,1962,t,25107.6,I,Imputed value
Production,Wine,1963,t,25632.6,I,Imputed value
Production,Wine,1964,t,26597.2,I,Imputed value
Production,Wine,1965,t,24131.1,I,Imputed value
Production,Wine,1966,t,28956.9,I,Imputed value
Production,Wine,1967,t,33656.7,I,Imputed value
Production,Wine,1968,t,34291.6,I,Imputed value
Production,Wine,1969,t,36196.3,I,Imputed value
Production,Wine,1970,t,41911.8,I,Imputed value
Production,Wine,1971,t,55247.5,I,Imputed value
Production,Wine,1972,t,41909,I,Imputed value
Production,Wine,1973,t,43183,I,Imputed value
Production,Wine,1974,t,38101.7,I,Imputed value
Production,Wine,1975,t,46958.8,I,Imputed value
Production,Wine,1976,t,49304.5,I,Imputed value
Production,Wine,1977,t,37926,I,Imputed value
Production,Wine,1978,t,52003,I,Imputed value
Production,Wine,1979,t,43918,I,Imputed value
Production,Wine,1980,t,45493,I,Imputed value
Production,Wine,1981,t,45402,I,Imputed value
Production,Wine,1982,t,45871,I,Imputed value
Production,Wine,1983,t,52822,I,Imputed value
Production,Wine,1984,t,60620,I,Imputed value
Production,Wine,1985,t,48209,I,Imputed value
Production,Wine,1986,t,57099,I,Imputed value
Production,Wine,1987,t,54761,I,Imputed value
Production,Wine,1988,t,54229,I,Imputed value
Production,Wine,1989,t,28980,I,Imputed value
Production,Wine,1990,t,33229,I,Imputed value
Production,Wine,1991,t,37786,I,Imputed value
Production,Wine,1992,t,33747,I,Imputed value
Production,Wine,1993,t,24948,I,Imputed value
Production,Wine,1994,t,30093,I,Imputed value
Production,Wine,1995,t,35483,I,Imputed value
Production,Wine,1996,t,33285,I,Imputed value
Production,Wine,1997,t,34447,I,Imputed value
Production,Wine,1998,t,39592,I,Imputed value
Production,Wine,1999,t,51170,I,Imputed value
Production,Wine,2000,t,42791,I,Imputed value
Production,Wine,2001,t,44534,I,Imputed value
Production,Wine,2002,t,46886,I,Imputed value
Production,Wine,2003,t,35889,I,Imputed value
Production,Wine,2004,t,52220,I,Imputed value
Production,Wine,2005,t,29134,I,Imputed value
Production,Wine,2006,t,52668,I,Imputed value
Production,Wine,2007,t,50155,I,Imputed value
Production,Wine,2008,t,54320,I,Imputed value
Production,Wine,2009,t,45388,I,Imputed value
Production,Wine,2010,t,50743,I,Imputed value
Production,Wine,2011,t,61418,I,Imputed value
Production,Wine,2012,t,62041,I,Imputed value
Production,Wine,2013,t,69720,I,Imputed value
Production,Wine,2014,t,58195.33,I,Imputed value
Production,Wine,2015,t,59790.31,I,Imputed value
Production,Wine,2016,t,63776.14,I,Imputed value
Production,Wine,2017,t,70433.22,I,Imputed value
Production,Wine,2018,t,70286.32,I,Imputed value
Production,Wine,2019,t,69660,I,Imputed value
Production,Wine,2020,t,65945.32,I,Imputed value
Production,Wine,2021,t,65357.33,I,Imputed value